,County,State,Price_2018
0,Los Angeles County,California,595599.9999480329
1,Cook County,Illinois,216799.99996116434
2,Harris County,Texas,178300.00000555423
3,Maricopa County,Arizona,253099.99997189845
4,San Diego County,California,572099.999972817
5,Orange County,California,701599.9999605387
6,Kings County,New York,761799.999877088
7,Miami-Dade County,Florida,284199.99990996753
8,Dallas County,Texas,186199.99995331888
9,Queens County,New York,608000.0000301036
10,Riverside County,California,362700.00014593673
11,San Bernardino County,California,327699.99998129584
12,Clark County,Nevada,249799.99999856178
13,King County,Washington,617599.9998409784
14,Wayne County,Michigan,67199.99999203555
15,Tarrant County,Texas,192999.99992677753
16,Santa Clara County,California,1185700.0005094798
17,Broward County,Florida,244200.0000396249
18,Bexar County,Texas,169499.99994808363
19,New York County,New York,1302200.0001626564
20,Philadelphia County,Pennsylvania,141900.0000247129
21,Alameda County,California,838300.0004042475
22,Middlesex County,Massachusetts,519099.999936481
23,Suffolk County,New York,378700.00016644475
24,Sacramento County,California,353099.999908016
25,Bronx County,New York,384200.0001535742
26,Nassau County,New York,503999.99995532417
27,Palm Beach County,Florida,260000.00003751804
28,Cuyahoga County,Ohio,122700.0000147202
29,Hillsborough County,Florida,206199.99997240724
30,Allegheny County,Pennsylvania,143299.99999614735
31,Oakland County,Michigan,233399.99998940813
32,Franklin County,Ohio,167200.00002933995
33,Hennepin County,Minnesota,266499.99994987756
34,Orange County,Florida,227099.99990023035
35,Fairfax County,Virginia,528399.9997660178
36,Contra Costa County,California,592600.0001806128
37,Salt Lake County,Utah,328699.99986354157
38,Travis County,Texas,322199.9999586923
39,Saint Louis County,Missouri,178300.00004346183
40,Pima County,Arizona,191500.00005059197
41,Montgomery County,Maryland,437400.0001629966
42,Honolulu County,Hawaii,666900.0001449026
43,Westchester County,New York,601699.9998365741
44,Milwaukee County,Wisconsin,151399.9999759987
45,Fresno County,California,235299.99998056464
46,Shelby County,Tennessee,120100.00003475856
47,Fulton County,Georgia,254699.99989165878
48,Mecklenburg County,North Carolina,221299.99999768514
49,Erie County,New York,155699.9999354834
50,DuPage County,Illinois,282700.00009580766
51,Fairfield County,Connecticut,330999.99993708346
52,Pinellas County,Florida,210099.99994169475
53,Bergen County,New Jersey,458399.9998555726
54,Marion County,Indiana,123699.99994971402
55,Wake County,North Carolina,273199.99989094643
56,Hartford County,Connecticut,225000.0000494941
57,Duval County,Florida,167100.0000636308
58,Prince Georges County,Maryland,281500.0000469325
59,New Haven County,Connecticut,210600.00001946723
60,Macomb County,Michigan,160399.99996832985
61,Kern County,California,202900.00000646955
62,Ventura County,California,581100.0001354836
63,Middlesex County,New Jersey,307799.99994646956
64,Gwinnett County,Georgia,210000.0000090988
65,San Francisco County,California,1302799.9999077795
66,Baltimore County,Maryland,232399.99997261405
67,Hamilton County,Ohio,137499.9999886251
68,El Paso County,Texas,119000.00003801916
69,Montgomery County,Pennsylvania,294699.99990905967
70,Worcester County,Massachusetts,267000.0001204653
71,Pierce County,Washington,316800.0
72,Essex County,New Jersey,368099.9999686482
73,Collin County,Texas,319000.0001516288
74,Hidalgo County,Texas,93399.99997225741
75,Monroe County,New York,148200.0000291272
76,Essex County,Massachusetts,418599.9999343484
77,Jefferson County,Kentucky,152299.99997298364
78,Multnomah County,Oregon,400600.0001849533
79,Suffolk County,Massachusetts,526699.9998040601
80,Oklahoma County,Oklahoma,129899.9999532399
81,San Mateo County,California,1310900.0004874035
82,Snohomish County,Washington,437599.99995059805
83,Lake County,Illinois,232800.00005989947
84,Dekalb County,Georgia,176399.99997376162
85,Cobb County,Georgia,234200.0000821563
86,San Joaquin County,California,339700.0000113949
87,Will County,Illinois,212900.00006766737
88,Jackson County,Missouri,129200.00000545148
89,Norfolk County,Massachusetts,473699.9999134178
90,Denton County,Texas,273699.9998754889
91,Bernalillo County,New Mexico,189700.00008243753
92,Jefferson County,Alabama,109000.00001171076
93,Hudson County,New Jersey,409099.9999063242
94,Monmouth County,New Jersey,403999.9999241849
95,Davidson County,Tennessee,246599.99994744893
96,Providence County,Rhode Island,241299.99996717856
97,Bucks County,Pennsylvania,317600.0001530884
98,El Paso County,Colorado,268199.9999429479
99,Baltimore City,Maryland,102999.99995952341
100,Lee County,Florida,223699.99991603984
101,Tulsa County,Oklahoma,137100.00003894887
102,Kent County,Michigan,177100.00008087224
103,Polk County,Florida,162099.999986216
104,District of Columbia,District of Columbia,551899.9998830109
105,Denver County,Colorado,399299.99990500446
106,Fort Bend County,Texas,250200.00003369764
107,Ocean County,New Jersey,271900.00009978336
108,Arapahoe County,Colorado,359599.9999045141
109,Delaware County,Pennsylvania,203600.00004141656
110,Bristol County,Massachusetts,296199.99995239644
111,Johnson County,Kansas,266100.00006092683
112,Brevard County,Florida,194700.00007959144
113,Summit County,Ohio,127600.00001328178
114,New Castle County,Delaware,245499.9998887415
115,Anne Arundel County,Maryland,332299.99984521815
116,Union County,New Jersey,332000.0000571592
117,Montgomery County,Ohio,97000.00000179796
118,Jefferson County,Colorado,403299.99982707575
119,Washington County,Oregon,392300.0001727411
120,Lancaster County,Pennsylvania,196000.00003760195
121,Douglas County,Nebraska,160099.99996352504
122,Utah County,Utah,306300.000011154
123,Kane County,Illinois,221099.9999686759
124,Stanislaus County,California,291399.9998750199
125,Camden County,New Jersey,163999.99999246842
126,Ramsey County,Minnesota,232999.99994141384
127,Passaic County,New Jersey,317200.0000082511
128,Chester County,Pennsylvania,335599.99987824383
129,Sedgwick County,Kansas,128800.00002190733
130,Lake County,Indiana,135899.9999979564
131,Plymouth County,Massachusetts,367700.0000885466
132,Volusia County,Florida,182799.99992322773
133,Morris County,New Jersey,427600.0001858619
134,Guilford County,North Carolina,137599.99999410548
135,Dane County,Wisconsin,258900.00009142671
136,Sonoma County,California,622199.9999581665
137,Spokane County,Washington,218100.00000346772
138,Richmond County,New York,494999.99998141197
139,Onondaga County,New York,134099.99998184756
140,Pasco County,Florida,168700.0000421281
141,Hampden County,Massachusetts,194899.99999961915
142,Montgomery County,Texas,234199.9999014505
143,Greenville County,South Carolina,180900.00004529476
144,Burlington County,New Jersey,218900.00004840965
145,Tulare County,California,193099.9999509689
146,Lucas County,Ohio,92900.0000030273
147,Adams County,Colorado,317899.9998658772
148,East Baton Rouge Parish,Louisiana,159300.0000099205
149,Virginia Beach City,Virginia,257000.00006280074
150,York County,Pennsylvania,172100.00004187255
151,Jefferson Parish,Louisiana,164499.99997568261
152,Knox County,Tennessee,168399.99993410436
153,Polk County,Iowa,173499.9999607804
154,Genesee County,Michigan,96599.99998792501
155,Clark County,Washington,330500.0001531746
156,Santa Barbara County,California,578399.9998563413
157,Seminole County,Florida,234700.00010244324
158,Williamson County,Texas,261200.00002901178
159,Washoe County,Nevada,334799.9999684635
160,Monterey County,California,527899.999845386
161,Solano County,California,412599.99997750984
162,Mobile County,Alabama,111300.00000990773
163,Berks County,Pennsylvania,168500.00000578378
164,Cameron County,Texas,87600.00002336
165,Prince William County,Virginia,356799.999992331
166,Hillsborough County,New Hampshire,266900.0000922847
167,Dakota County,Minnesota,263399.9999077536
168,Ada County,Idaho,259800.00001729713
169,Waukesha County,Wisconsin,273600.00008840556
170,Richland County,South Carolina,132999.99996851507
171,Pulaski County,Arkansas,127699.9999772892
172,Sarasota County,Florida,245500.00010575383
173,Clackamas County,Oregon,413199.9998553847
174,Pinal County,Arizona,190399.99998577114
175,Stark County,Ohio,117999.99998151917
176,Orange County,New York,235399.99995890725
177,Butler County,Ohio,160000.0
178,Mercer County,New Jersey,226599.99993957335
179,Westmoreland County,Pennsylvania,124700.00003479549
180,Saint Charles County,Missouri,216599.99996046416
181,Allen County,Indiana,125000.0
182,Lane County,Oregon,269399.99992761837
183,Forsyth County,North Carolina,137799.99996054647
184,Charleston County,South Carolina,315399.99985530373
185,Lehigh County,Pennsylvania,186100.00007059926
186,Placer County,California,463899.99986378354
187,Washtenaw County,Michigan,262299.9999909394
188,Orleans Parish,Louisiana,183300.000048024
189,Nueces County,Texas,144399.99998380558
190,Hamilton County,Tennessee,160400.0000071498
191,Madison County,Alabama,153299.99995479616
192,Marion County,Florida,136199.99997654834
193,Anoka County,Minnesota,233999.99989666799
194,Somerset County,New Jersey,392499.99982119555
195,Manatee County,Florida,246700.000071788
196,Collier County,Florida,327099.99999679404
197,Luzerne County,Pennsylvania,92600.00003036065
198,Cumberland County,North Carolina,104899.99997127852
199,Saint Louis City,Missouri,118399.99996834753
200,Chesterfield County,Virginia,228800.00008993072
201,Marion County,Oregon,245099.99989101692
202,Brazoria County,Texas,205899.9999346966
203,Loudoun County,Virginia,481900.00008296274
204,Rockland County,New York,440000.0001936194
205,Bell County,Texas,130099.99995657054
206,McHenry County,Illinois,202099.9999990622
207,Henrico County,Virginia,222399.99996832284
208,Davis County,Utah,292799.99988208234
209,Albany County,New York,223200.00002856963
210,Lorain County,Ohio,133100.00005841558
211,Larimer County,Colorado,357999.999958438
212,Northampton County,Pennsylvania,197600.00008343955
213,Escambia County,Florida,136299.99996485803
214,Dutchess County,New York,256899.99988657093
215,Lake County,Florida,196499.99995472352
216,Fayette County,Kentucky,172599.9999988576
217,Winnebago County,Illinois,103199.99996633327
218,Rockingham County,New Hampshire,327500.00014255656
219,Boulder County,Colorado,507699.9999145934
220,Anchorage Borough,Alaska,339299.9999675452
221,Galveston County,Texas,195099.99991401148
222,Gloucester County,New Jersey,192400.00000506316
223,Howard County,Maryland,432700.00012009154
224,Douglas County,Colorado,469399.99999281287
225,Lancaster County,Nebraska,171100.0000156568
226,Spartanburg County,South Carolina,131499.99994732605
227,Cumberland County,Maine,278899.9999617105
228,Ingham County,Michigan,122199.99998806894
229,Erie County,Pennsylvania,116899.99996756531
230,Lubbock County,Texas,130299.99998443747
231,Saint Lucie County,Florida,196000.0000766124
232,Leon County,Florida,167799.99995843737
233,Greene County,Missouri,130100.00005856327
234,Hamilton County,Indiana,249499.99989767696
235,Atlantic County,New Jersey,171999.9999666559
236,New London County,Connecticut,229899.99999674672
237,Saint Clair County,Illinois,93799.9999800675
238,San Luis Obispo County,California,582400.0000669841
239,Horry County,South Carolina,166600.00005626195
240,Madison County,Illinois,112799.99996390399
241,Osceola County,Florida,193500.00000627662
242,Dauphin County,Pennsylvania,151499.99995168886
243,Durham County,North Carolina,205299.99995769793
244,Chatham County,Georgia,158999.9999375357
245,Ottawa County,Michigan,193100.00003332135
246,Rutherford County,Tennessee,212600.00003808315
247,Lexington County,South Carolina,135499.99994752422
248,Santa Cruz County,California,813199.9996263358
249,Clayton County,Georgia,92099.99998975791
250,Merced County,California,243600.00003995263
251,Cleveland County,Oklahoma,156800.00007203795
252,Weld County,Colorado,298699.9998763052
253,Marin County,California,1073599.9997637803
254,Jefferson County,Texas,93999.9999945717
255,Thurston County,Washington,288000.00002888124
256,Kitsap County,Washington,337800.00009722455
257,Kalamazoo County,Michigan,144600.00004953553
258,Webb County,Texas,132000.00004061538
259,Brown County,Wisconsin,165199.99998802628
260,Alachua County,Florida,170500.00000516666
261,Harford County,Maryland,266800.00012668205
262,Yakima County,Washington,187799.99999713965
263,Norfolk City,Virginia,181100.0000002876
264,Mahoning County,Ohio,80099.99999146476
265,Buncombe County,North Carolina,272799.99996197096
266,Washington County,Minnesota,280200.000116359
267,Cumberland County,Pennsylvania,191300.00000344685
268,McLennan County,Texas,137500.0000347456
269,Oneida County,New York,118899.99998379478
270,Saint Tammany Parish,Louisiana,188999.99995581296
271,Frederick County,Maryland,303100.0000579136
272,Weber County,Utah,231400.000003581
273,Lake County,Ohio,140500.00005465458
274,Montgomery County,Alabama,82299.99998677835
275,York County,South Carolina,180200.00001109793
276,Chesapeake City,Virginia,254399.9999877259
277,Clay County,Missouri,173200.0000487433
278,Lafayette Parish,Louisiana,164299.99999900666
279,Benton County,Arkansas,167399.99995757858
280,Butte County,California,271300.0000487792
281,Saratoga County,New York,261099.99994864737
282,Jefferson County,Missouri,161200.00000367616
283,Niagara County,New York,131299.9999496888
284,Barnstable County,Massachusetts,398800.0001785812
285,Lackawanna County,Pennsylvania,118600.00000117521
286,Cherokee County,Georgia,233900.00002326226
287,Warren County,Ohio,209299.9999189867
288,Linn County,Iowa,141100.0000581626
289,Yavapai County,Arizona,279799.9999185299
290,Trumbull County,Ohio,79300.00002244161
291,Smith County,Texas,145400.0000384936
292,Dona Ana County,New Mexico,162099.9999304877
293,Washington County,Pennsylvania,137499.9999636884
294,Arlington County,Virginia,651299.9999796649
295,Gaston County,North Carolina,134100.00004693939
296,Richmond City,Virginia,200900.00008513805
297,Henry County,Georgia,162900.00003428047
298,Jackson County,Oregon,287799.9998674905
299,Washington County,Arkansas,168500.0000652641
300,New Hanover County,North Carolina,221900.00008661384
301,Union County,North Carolina,210899.99999276453
302,Whatcom County,Washington,354100.000155244
303,Champaign County,Illinois,133899.99996699166
304,Yolo County,California,419100.00010926934
305,Broome County,New York,102100.00001041472
306,Saint Louis County,Minnesota,138600.0000491383
307,Mohave County,Arizona,191099.99995009162
308,Saginaw County,Michigan,103300.00000540366
309,Elkhart County,Indiana,141499.9999699324
310,Sangamon County,Illinois,118999.99996794613
311,Clermont County,Ohio,162500.0
312,Sussex County,Delaware,268000.00010731496
313,York County,Maine,270399.9999475497
314,Yuma County,Arizona,140600.00000096767
315,Racine County,Wisconsin,207999.99998547995
316,Shelby County,Alabama,203400.00004711896
317,Brazos County,Texas,199099.9999335097
318,Tuscaloosa County,Alabama,141600.00004226866
319,Kanawha County,West Virginia,98900.00001348637
320,Calcasieu Parish,Louisiana,144999.99994683333
321,Clay County,Florida,192200.0000636725
322,Saint Johns County,Florida,297300.0000408859
323,Litchfield County,Connecticut,261399.99992445426
324,Muscogee County,Georgia,88399.99998821333
325,Canyon County,Idaho,186400.00007254485
326,Anderson County,South Carolina,137500.00003423804
327,Harrison County,Mississippi,108199.9999937985
328,Peoria County,Illinois,94399.99995723843
329,Hawaii County,Hawaii,333899.9999537881
330,Williamson County,Tennessee,440800.00014476565
331,Ulster County,New York,208400.00005253323
332,Baldwin County,Alabama,183000.0000645383
333,El Dorado County,California,450800.00011538994
334,Livingston County,Michigan,247499.99988800907
335,Okaloosa County,Florida,206599.99991672803
336,Newport News City,Virginia,172299.9999322729
337,Vanderburgh County,Indiana,112299.99996385637
338,Hall County,Georgia,176199.99995871162
339,Cabarrus County,North Carolina,179500.0000176424
340,Shawnee County,Kansas,114399.99996672
341,Berkeley County,South Carolina,185300.00001372595
342,Onslow County,North Carolina,135200.00004275393
343,Shasta County,California,245099.99999716645
344,Outagamie County,Wisconsin,158700.0000604959
345,Forsyth County,Georgia,320300.0001146625
346,Benton County,Washington,251399.99991673892
347,Imperial County,California,192300.0000309407
348,Tippecanoe County,Indiana,146099.99994788086
349,Hernando County,Florida,148900.00005096517
350,Medina County,Ohio,187599.9999684042
351,Montgomery County,Tennessee,149000.0000534777
352,Muskegon County,Michigan,114199.99999360992
353,Beaver County,Pennsylvania,131000.00004791513
354,Monroe County,Pennsylvania,137200.00004966516
355,McLean County,Illinois,146399.9999657637
356,Minnehaha County,South Dakota,182700.00004151845
357,Johnston County,North Carolina,165299.9999444416
358,Bay County,Florida,190999.99995211448
359,Carroll County,Maryland,309500.00006940536
360,Winnebago County,Wisconsin,170800.00007273612
361,Kenosha County,Wisconsin,167300.00006421897
362,Kent County,Rhode Island,229299.9999061294
363,Middlesex County,Connecticut,290600.0001212974
364,Scott County,Iowa,153000.00007347175
365,Porter County,Indiana,188500.0000576467
366,Saint Clair County,Michigan,132100.00005493712
367,Davidson County,North Carolina,125200.00004451556
368,Boone County,Missouri,167799.99996436608
369,Kent County,Delaware,195399.99991825197
370,Beaufort County,South Carolina,294899.99996589334
371,Portage County,Ohio,151700.00005710058
372,DeSoto County,Mississippi,159599.99994671118
373,Sumner County,Tennessee,223799.9999688626
374,Jackson County,Michigan,121799.9999709568
375,Aiken County,South Carolina,99599.99999099268
376,Charlotte County,Florida,189199.9999605833
377,Kenton County,Kentucky,142999.99997370323
378,Iredell County,North Carolina,182799.999972337
379,Rensselaer County,New York,177999.99997854247
380,Pueblo County,Colorado,144600.000051421
381,Sarpy County,Nebraska,190500.0000888045
382,Hampshire County,Massachusetts,259300.00008621227
383,Deschutes County,Oregon,353099.99984961713
384,Wyandotte County,Kansas,93799.99998160785
385,Hays County,Texas,250599.9999712547
386,Cumberland County,New Jersey,133399.99994173105
387,Sullivan County,Tennessee,121500.00003860834
388,Berrien County,Michigan,129200.00005058818
389,Chittenden County,Vermont,315399.99997786665
390,Bibb County,Georgia,84400.0000103877
391,Maui County,Hawaii,599600.0002602108
392,Schenectady County,New York,164299.9999635309
393,Catawba County,North Carolina,126399.99998312323
394,Penobscot County,Maine,141400.00005841258
395,Ouachita Parish,Louisiana,110299.99995297217
396,Kings County,California,198700.00007989354
397,Tolland County,Connecticut,209699.99990144392
398,Monroe County,Michigan,146700.0000036675
399,Santa Rosa County,Florida,191000.00004856722
400,Alamance County,North Carolina,135699.999967432
401,Johnson County,Texas,173099.99992950016
402,Madera County,California,228200.00010437763
403,Stearns County,Minnesota,175200.00006319614
404,Cass County,North Dakota,223799.9999852484
405,Franklin County,Pennsylvania,164500.00007257354
406,Ellis County,Texas,198899.99999029757
407,Sussex County,New Jersey,217600.00005883566
408,Schuylkill County,Pennsylvania,65100.00002158207
409,Yellowstone County,Montana,216100.00007858183
410,Rock Island County,Illinois,91800.00000777966
411,Washington County,Maryland,177299.99992833738
412,Mesa County,Colorado,217399.99991150736
413,Charles County,Maryland,285500.00001043355
414,Merrimack County,New Hampshire,236099.9999082615
415,Martin County,Florida,257299.99991965765
416,Fairfield County,Ohio,170700.00005996108
417,Hendricks County,Indiana,176800.00003321204
418,Olmsted County,Minnesota,208800.00004134653
419,Santa Fe County,New Mexico,315800.000109537
420,Cambria County,Pennsylvania,75199.99999050106
421,Randolph County,North Carolina,122399.99999706825
422,Rankin County,Mississippi,164099.99993152393
423,Citrus County,Florida,140699.99994690393
424,Lee County,Alabama,178599.99997885377
425,Houston County,Georgia,123499.9999465716
426,Jackson County,Mississippi,109799.99995546951
427,Johnson County,Indiana,153999.99994851873
428,Kootenai County,Idaho,272100.00006732723
429,Rowan County,North Carolina,124499.99995563175
430,Clark County,Ohio,100200.00003974415
431,Washington County,Utah,268700.00000926846
432,Indian River County,Florida,203699.99996629625
433,Monroe County,Indiana,164300.00004685528
434,Hampton City,Virginia,152199.9999319105
435,Ector County,Texas,143299.99995327726
436,Florence County,South Carolina,119600.0000473584
437,Midland County,Texas,210099.99998873306
438,Fayette County,Pennsylvania,86399.99999081463
439,Dorchester County,South Carolina,196200.0000645979
440,Napa County,California,639199.9999200056
441,Calhoun County,Michigan,87999.99997862348
442,Tazewell County,Illinois,117099.99995934717
443,Chautauqua County,New York,80600.00002949023
444,Humboldt County,California,277999.9998780117
445,Coconino County,Arizona,333699.99989464565
446,Robeson County,North Carolina,67499.99998633603
447,Marathon County,Wisconsin,135899.9999564326
448,Orange County,North Carolina,278799.99988115166
449,Lebanon County,Pennsylvania,166300.00006946953
450,Douglas County,Georgia,147500.0000022187
451,Washington County,Wisconsin,231399.99999697765
452,Madison County,Indiana,80799.99997230679
453,Rapides Parish,Louisiana,108099.99995536085
454,Sandoval County,New Mexico,191899.99996748255
455,Guadalupe County,Texas,213799.99992506363
456,Taylor County,Texas,125000.0
457,Wichita County,Texas,83900.00002922256
458,Cochise County,Arizona,129299.99995244753
459,Berkshire County,Massachusetts,195199.99998822546
460,Black Hawk County,Iowa,133099.9999361792
461,Johnson County,Iowa,211399.99993698104
462,Scott County,Minnesota,272600.0000957682
463,Stafford County,Virginia,320700.00006979314
464,Hunterdon County,New Jersey,373600.0000565276
465,Livingston Parish,Louisiana,152900.0000067807
466,Coweta County,Georgia,193100.00002006112
467,Blair County,Pennsylvania,117899.99997539127
468,Washington County,Rhode Island,353099.99989084946
469,Sebastian County,Arkansas,107700.00003300935
470,Wood County,Ohio,136800.00000234347
471,Wright County,Minnesota,231900.00003946645
472,Richland County,Ohio,93400.00000088447
473,Comanche County,Oklahoma,85099.99998861276
474,Columbia County,Georgia,185199.9999665324
475,Strafford County,New Hampshire,233499.9999790583
476,Blount County,Tennessee,172400.00002316388
477,Washington County,Tennessee,144499.99998487902
478,Wayne County,North Carolina,84399.99997717855
479,Spotsylvania County,Virginia,264600.00008874276
480,Kennebec County,Maine,145899.9999730588
481,Oswego County,New York,98800.00003504059
482,Tangipahoa Parish,Louisiana,126499.9999516967
483,Randall County,Texas,164699.99999266284
484,Pickens County,South Carolina,144300.00006294227
485,Boone County,Kentucky,181900.00007073887
486,Windham County,Connecticut,165900.00001739274
487,Delaware County,Indiana,82600.00001988185
488,Jasper County,Missouri,100000.0
489,Bossier Parish,Louisiana,165500.00004152692
490,Parker County,Texas,260899.99997894294
491,Skagit County,Washington,319499.999874599
492,Clarke County,Georgia,157899.99999990905
493,Linn County,Oregon,221700.00008426726
494,Mercer County,Pennsylvania,100999.9999959841
495,Jefferson County,New York,134100.00006226072
496,Lycoming County,Pennsylvania,141099.9999523139
497,Canadian County,Oklahoma,159099.99995561794
498,Kendall County,Illinois,227299.99989434687
499,Harnett County,North Carolina,153900.0000689403
500,La Crosse County,Wisconsin,165700.00007446134
501,Wayne County,Ohio,135500.00003617042
502,Wilson County,Tennessee,264600.0000182483
503,La Salle County,Illinois,92799.99995854995
504,Warren County,Kentucky,170500.00005620878
505,Kankakee County,Illinois,114100.0000324033
506,Faulkner County,Arkansas,141900.00006041946
507,Cache County,Utah,224299.9999182426
508,Saint Lawrence County,New York,76699.99997862296
509,Terrebonne Parish,Louisiana,141999.9999600536
510,La Porte County,Indiana,129100.00004037624
511,Allegan County,Michigan,164299.9999924067
512,Douglas County,Kansas,192300.00002295012
513,Macon County,Illinois,71900.00000199987
514,Carroll County,Georgia,133400.00002052306
515,Tom Green County,Texas,138700.00001015587
516,Missoula County,Montana,280500.0000720154
517,Lowndes County,Georgia,121200.0000282769
518,Warren County,New Jersey,223400.00003665235
519,Comal County,Texas,289200.00009163877
520,Ontario County,New York,159300.00002857528
521,Vigo County,Indiana,81800.00001281415
522,Columbiana County,Ohio,78999.99999910532
523,Bay County,Michigan,85600.00003608166
524,Eaton County,Michigan,144300.0000308484
525,Androscoggin County,Maine,158200.00001445189
526,Douglas County,Oregon,177500.00001106056
527,Sumter County,South Carolina,60799.9999923301
528,Navajo County,Arizona,177399.9999592882
529,Brunswick County,North Carolina,221800.00007757946
530,Ascension Parish,Louisiana,200499.9999956116
531,Saline County,Arkansas,156299.99993086144
532,Henderson County,North Carolina,230699.9999362066
533,Fayette County,Georgia,261099.99999816643
534,Allen County,Ohio,90099.9999835926
535,Hardin County,Kentucky,141800.00002903296
536,DeKalb County,Illinois,156900.00002285404
537,Saint Marys County,Maryland,270499.99999951315
538,Etowah County,Alabama,91299.99999823062
539,Bonneville County,Idaho,179899.99994357285
540,Craven County,North Carolina,139699.99998327804
541,Kaufman County,Texas,188900.0000341696
542,Whitfield County,Georgia,115200.00004752813
543,Miami County,Ohio,129699.99997059767
544,Cowlitz County,Washington,205499.99998956264
545,Walworth County,Wisconsin,194900.00008752497
546,Woodbury County,Iowa,108600.0000177306
547,Fond du Lac County,Wisconsin,135600.00003737008
548,Tompkins County,New York,204399.9999333391
549,Houston County,Alabama,128400.00004317875
550,Ashtabula County,Ohio,87200.00003353845
551,Franklin County,Missouri,145899.99996806518
552,Adams County,Pennsylvania,183200.00005586693
553,Cecil County,Maryland,214299.99992878476
554,Pennington County,South Dakota,202000.0000113643
555,Bartow County,Georgia,149899.9999854964
556,Newton County,Georgia,134999.99995650773
557,Lenawee County,Michigan,119200.00004581861
558,Hanover County,Virginia,263399.99991454725
559,Putnam County,New York,333400.00001255964
560,Cass County,Missouri,178800.00002795452
561,Yamhill County,Oregon,296700.0000144997
562,Steuben County,New York,94400.00000956959
563,Albemarle County,Virginia,308500.00000608206
564,Bradley County,Tennessee,138100.00004956042
565,Highlands County,Florida,121899.99998004775
566,Nevada County,California,428499.999912465
567,Eau Claire County,Wisconsin,156099.99999588224
568,Wicomico County,Maryland,141999.99994091026
569,Madison County,Tennessee,103500.00002987345
570,Cleveland County,North Carolina,90499.99999550199
571,Fairbanks North Star Borough,Alaska,249299.99994200483
572,Cape May County,New Jersey,325300.00011621875
573,Roanoke City,Virginia,113100.0000303439
574,Daviess County,Kentucky,116399.99999713477
575,Craighead County,Arkansas,120699.99997195667
576,Cabell County,West Virginia,88400.00001102778
577,Lafourche Parish,Louisiana,123699.99996929364
578,Floyd County,Georgia,118100.00001832748
579,Monongalia County,West Virginia,182400.000054192
580,Garland County,Arkansas,135800.00004920707
581,Flagler County,Florida,207100.00002208323
582,Portsmouth City,Virginia,145199.99994813604
583,Madison County,Mississippi,201100.00005983817
584,Sutter County,California,271899.9998898214
585,Dougherty County,Georgia,82899.99999981516
586,Northumberland County,Pennsylvania,80000.0
587,Montgomery County,Virginia,203399.99991435788
588,Wayne County,New York,122800.00003573047
589,Dubuque County,Iowa,155800.000027736
590,Rockingham County,North Carolina,61700.00002464577
591,Sumter County,Florida,243599.9999625654
592,Geauga County,Ohio,219299.99990829275
593,Pottawattamie County,Iowa,123800.00002116401
594,Lauderdale County,Alabama,111399.99995184768
595,Orangeburg County,South Carolina,69899.99997538004
596,Roanoke County,Virginia,178999.9999423495
597,Laramie County,Wyoming,234099.99997911954
598,Lawrence County,Pennsylvania,89400.00001423566
599,Carver County,Minnesota,316999.99989513506
600,Flathead County,Montana,263300.0000154122
601,Campbell County,Kentucky,143400.0000560068
602,Sevier County,Tennessee,166600.00005754782
603,Story County,Iowa,172099.9999694309
604,Gallatin County,Montana,355299.9998640728
605,Platte County,Missouri,216100.0000082358
606,Buchanan County,Missouri,96900.00000764754
607,Grant County,Washington,161800.00000294516
608,Grafton County,New Hampshire,193300.00007701304
609,Matanuska Susitna Borough,Alaska,251700.00010617165
610,Chemung County,New York,94500.00001097677
611,Crawford County,Pennsylvania,93199.99995890728
612,Dodge County,Wisconsin,147399.99994785595
613,Calvert County,Maryland,311600.0000136155
614,Sherburne County,Minnesota,229899.99992534748
615,Lapeer County,Michigan,158199.99993656526
616,Moore County,North Carolina,199399.9999121908
617,Mendocino County,California,350000.00009706046
618,Grand Traverse County,Michigan,209499.99999952898
619,Wood County,West Virginia,99099.99997756226
620,Rogers County,Oklahoma,153200.00003408652
621,Ozaukee County,Wisconsin,268800.00007205526
622,Hunt County,Texas,98999.99999244275
623,Muskingum County,Ohio,103300.0000307905
624,Benton County,Oregon,343700.00010664895
625,Rockdale County,Georgia,141300.000035325
626,Suffolk City,Virginia,226900.00005815955
627,Saint Croix County,Wisconsin,246099.99990664865
628,Walton County,Georgia,176799.9999913756
629,Jefferson County,Wisconsin,179600.00004938556
630,Midland County,Michigan,123499.9999455147
631,Saint Clair County,Alabama,159000.00007499105
632,Caldwell County,North Carolina,99799.99998717503
633,Madison County,Kentucky,151700.00001632393
634,Lee County,Mississippi,125599.99996206899
635,Newport County,Rhode Island,375199.99986911623
636,Bannock County,Idaho,153600.0
637,Limestone County,Alabama,142700.00001326174
638,Howard County,Indiana,90099.99999184241
639,Josephine County,Oregon,264800.00000766147
640,Talladega County,Alabama,91300.00002980063
641,Clinton County,New York,127299.99996565543
642,Clearfield County,Pennsylvania,68400.00003019035
643,Vermilion County,Illinois,55099.999997244995
644,Manitowoc County,Wisconsin,110599.9999689648
645,Cascade County,Montana,185200.00002144033
646,Burleigh County,North Dakota,267299.99991646875
647,Wilson County,North Carolina,123799.99999676573
648,Maury County,Tennessee,179600.00003173083
649,Cattaraugus County,New York,74300.00003063417
650,Cayuga County,New York,119199.99996764715
651,Glynn County,Georgia,180000.000036961
652,Scioto County,Ohio,73599.99998233601
653,Elmore County,Alabama,154800.00005680736
654,Raleigh County,West Virginia,77900.00001984245
655,Henderson County,Texas,137799.99994336747
656,Island County,Washington,372199.99992731196
657,Rockwall County,Texas,268599.9999154091
658,Frederick County,Virginia,243299.99996086914
659,Franklin County,Washington,218199.999968162
660,Ross County,Ohio,106500.00001854477
661,Somerset County,Pennsylvania,89099.99997562359
662,Sullivan County,New York,141399.99996199136
663,Christian County,Missouri,156100.00004882066
664,Kosciusko County,Indiana,147500.00000681606
665,Payne County,Oklahoma,145200.000012949
666,Twin Falls County,Idaho,176500.00003985196
667,Cheshire County,New Hampshire,184900.00000748096
668,Erie County,Ohio,119900.00000624674
669,White County,Arkansas,103999.99998566754
670,Bartholomew County,Indiana,138600.0000384438
671,Lancaster County,South Carolina,157099.99992690617
672,Valencia County,New Mexico,135399.9999730137
673,Rockingham County,Virginia,186899.99996495032
674,Van Buren County,Michigan,122300.00004801742
675,Leavenworth County,Kansas,165500.00005183657
676,Cole County,Missouri,151000.0000199685
677,Umatilla County,Oregon,162599.99998675246
678,Cape Girardeau County,Missouri,144100.00002222526
679,Lynchburg City,Virginia,131700.00004157945
680,Lewis County,Washington,199499.99992614292
681,Natrona County,Wyoming,199499.99991603047
682,Polk County,Oregon,277800.00012260396
683,Clinton County,Michigan,169300.00002008953
684,Anderson County,Tennessee,129299.9999915955
685,Allegany County,Maryland,81200.00000412564
686,Forrest County,Mississippi,124500.00004510152
687,Hancock County,Ohio,129099.99994337394
688,Wood County,Wisconsin,114799.99998906668
689,Floyd County,Indiana,150200.00004553198
690,Putnam County,Florida,90900.00002997766
691,Oconee County,South Carolina,148800.00002114387
692,Bastrop County,Texas,175200.00001217017
693,Christian County,Kentucky,102500.00002448956
694,Augusta County,Virginia,202900.00003972868
695,Surry County,North Carolina,104999.9999773707
696,Madison County,New York,130000.00005179283
697,Nassau County,Florida,251100.0000318499
698,Monroe County,Florida,518199.99992283835
699,Wagoner County,Oklahoma,134900.0000017028
700,Grays Harbor County,Washington,161099.999965189
701,Chelan County,Washington,277499.9999561334
702,Putnam County,Tennessee,139900.00003885108
703,Yuba County,California,245099.99994565133
704,Apache County,Arizona,155999.99995701943
705,McKinley County,New Mexico,134699.99998839298
706,Clallam County,Washington,261200.00001943478
707,Franklin County,Massachusetts,213299.99994616577
708,De Kalb County,Alabama,91199.99998506448
709,Muskogee County,Oklahoma,66800.0000288561
710,Bulloch County,Georgia,132500.0
711,Grant County,Indiana,71399.99998552483
712,Portage County,Wisconsin,160400.00004118634
713,Hancock County,Indiana,163399.99994783974
714,Creek County,Oklahoma,97099.99999922706
715,Greenwood County,South Carolina,99800.00001687986
716,Pottawatomie County,Oklahoma,82300.00001982805
717,Barrow County,Georgia,160000.0
718,Harrison County,West Virginia,90299.99999724276
719,Armstrong County,Pennsylvania,92700.00002018925
720,Wayne County,Indiana,83600.00000923952
721,Morgan County,Indiana,149399.99995125702
722,Greene County,Tennessee,90300.00003226964
723,Walker County,Georgia,96699.99997408579
724,Darlington County,South Carolina,66499.9999835396
725,Bedford County,Virginia,189099.99996283368
726,Lonoke County,Arkansas,119000.00004976208
727,Walker County,Texas,172199.9999453034
728,Rutherford County,North Carolina,113799.99999686959
729,Jones County,Mississippi,101800.00003524183
730,Columbia County,Florida,113199.99998608715
731,Columbia County,Pennsylvania,126000.00002088923
732,Adams County,Illinois,106199.99995999732
733,Kauai County,Hawaii,521800.00001008494
734,Marquette County,Michigan,143099.99998632685
735,Troup County,Georgia,101400.00001282876
736,Walker County,Alabama,80500.00001173206
737,James City County,Virginia,307699.99992670055
738,Grand Forks County,North Dakota,184199.99995956823
739,Laurens County,South Carolina,96900.00003080635
740,Carteret County,North Carolina,239000.00000740512
741,Klamath County,Oregon,156700.00001625172
742,Williamson County,Illinois,91899.99998565557
743,Robertson County,Tennessee,179399.99992262624
744,Dallas County,Iowa,225800.00002809183
745,Salem County,New Jersey,140599.99995480714
746,Butler County,Kansas,118000.00003522387
747,Warren County,New York,200499.99994067752
748,McCracken County,Kentucky,124799.99998188844
749,York County,Virginia,292100.00006257155
750,Livingston County,New York,130499.99999655022
751,Saint Francois County,Missouri,104700.00000507475
752,Carbon County,Pennsylvania,139799.99999482566
753,Fauquier County,Virginia,351600.0000265358
754,San Patricio County,Texas,124899.99997505489
755,Athens County,Ohio,133699.99994523134
756,Lake County,California,224700.00000466817
757,Herkimer County,New York,96199.99997136797
758,Reno County,Kansas,89700.00002081276
759,Rice County,Minnesota,210800.00009389507
760,Spalding County,Georgia,99400.00001736921
761,Blue Earth County,Minnesota,184500.00004640914
762,Catoosa County,Georgia,137999.99997954178
763,Ionia County,Michigan,124099.9999846503
764,Pittsylvania County,Virginia,95200.00003702221
765,Chatham County,North Carolina,269599.99988325645
766,Sampson County,North Carolina,102499.99995696894
767,Lewis and Clark County,Montana,224100.00003857157
768,Montcalm County,Michigan,85700.00001808195
769,Washington County,New York,143900.00002267177
770,Columbia County,New York,218299.99998104607
771,Pulaski County,Kentucky,112099.99997031229
772,Coos County,Oregon,182600.00007195526
773,Bradford County,Pennsylvania,131599.99999653178
774,Hamblen County,Tennessee,121700.00004753009
775,Crow Wing County,Minnesota,176199.99999049664
776,Otsego County,New York,125799.99998685672
777,Sauk County,Wisconsin,170000.00005798752
778,Crawford County,Arkansas,106899.99999577286
779,Washington County,Ohio,112600.00003240818
780,Acadia Parish,Louisiana,89199.99998810666
781,Pope County,Arkansas,103799.99998133344
782,Kershaw County,South Carolina,114399.99995056904
783,Ward County,North Dakota,222799.99996881888
784,Rutland County,Vermont,152099.9999585095
785,Tipton County,Tennessee,124599.99995457573
786,Starr County,Texas,74199.99999935007
787,Sandusky County,Ohio,105599.99995298505
788,Knox County,Ohio,136000.00006461766
789,Mason County,Washington,247699.99996175352
790,Franklin County,North Carolina,157000.0000101828
791,Stanly County,North Carolina,126899.999968275
792,Garfield County,Oklahoma,100600.00000475875
793,Jackson County,Georgia,174200.00003208945
794,Oldham County,Kentucky,272699.99990009423
795,Georgetown County,South Carolina,194400.00008871948
796,Belknap County,New Hampshire,223600.00003874657
797,Genesee County,New York,113599.99995161133
798,Granville County,North Carolina,152099.9999310406
799,Lowndes County,Mississippi,127599.9999899846
800,Warrick County,Indiana,164199.9999699076
801,Washington County,Vermont,206999.99995156762
802,Lenoir County,North Carolina,91400.00001391879
803,Barry County,Michigan,146400.00000650669
804,Wise County,Texas,190700.00007404562
805,Haywood County,North Carolina,121300.00004466204
806,Clay County,Minnesota,187400.00001813867
807,Laurel County,Kentucky,102300.00001556185
808,Walla Walla County,Washington,223299.99994249284
809,Hall County,Nebraska,148700.0000447779
810,Duplin County,North Carolina,80099.99997966764
811,Anderson County,Texas,94000.00001906694
812,Tooele County,Utah,238499.99997135915
813,Newton County,Missouri,128699.99999003613
814,Columbus County,North Carolina,95499.99998453239
815,Vermilion Parish,Louisiana,74599.99999878864
816,Lee County,North Carolina,117500.00003461311
817,Carter County,Tennessee,107000.00002858415
818,Pike County,Pennsylvania,142799.99994599697
819,Blount County,Alabama,132499.9999409747
820,Otter Tail County,Minnesota,172300.00001146144
821,Hawkins County,Tennessee,111399.99997918798
822,Columbia County,Wisconsin,182899.9999151134
823,Seneca County,Ohio,87499.99999999999
824,Windsor County,Vermont,185000.00001908198
825,Boone County,Indiana,204199.99991861
826,Edgecombe County,North Carolina,44699.999986912575
827,Marion County,West Virginia,95699.99995752043
828,Garfield County,Colorado,377100.0000348509
829,Franklin County,Virginia,177800.0000417582
830,Cumberland County,Tennessee,129300.00002042048
831,Broomfield County,Colorado,415600.0000956585
832,Pearl River County,Mississippi,131999.99998197952
833,Pickaway County,Ohio,161300.0000386448
834,Lamar County,Mississippi,177600.0000815402
835,Saline County,Kansas,117699.99994532584
836,Fulton County,New York,109800.0000489624
837,Putnam County,West Virginia,148999.99993331204
838,Kenai Peninsula Borough,Alaska,246599.9999675793
839,Cherokee County,South Carolina,63600.000019651685
840,Carson City,Nevada,270600.0000727111
841,San Benito County,California,503599.9999913658
842,Gordon County,Georgia,121399.99995654024
843,Walton County,Florida,329499.9999549863
844,Venango County,Pennsylvania,70499.99996922619
845,Washington County,Virginia,136299.99997370478
846,Campbell County,Virginia,144800.00004919549
847,Halifax County,North Carolina,72500.00002311863
848,Saint Mary Parish,Louisiana,85000.0000141196
849,Autauga County,Alabama,144599.99997129934
850,Colbert County,Alabama,95400.00003044891
851,Maverick County,Texas,126500.00002627596
852,Roane County,Tennessee,128099.99996940895
853,Boone County,Illinois,151499.99999899935
854,Henry County,Virginia,72299.99999895356
855,Chisago County,Minnesota,215699.99999593527
856,Coles County,Illinois,78899.99998348385
857,Gila County,Arizona,196999.99990802284
858,Jefferson County,West Virginia,212700.00001296232
859,Ogle County,Illinois,127399.99996654976
860,Rusk County,Texas,123600.00003776667
861,Ashland County,Ohio,124200.00001342702
862,Darke County,Ohio,123099.99999261968
863,Russell County,Alabama,84700.0000297193
864,Knox County,Illinois,66799.99999056941
865,Wayne County,Pennsylvania,149499.99994973224
866,Coffee County,Tennessee,121899.99996749334
867,Saint Charles Parish,Louisiana,184300.00001330485
868,Johnson County,Missouri,159600.0000607474
869,Van Zandt County,Texas,121500.0000197415
870,Lincoln County,Missouri,155299.99994148244
871,Grady County,Oklahoma,104500.00000169368
872,Waupaca County,Wisconsin,130499.99998976104
873,Vernon Parish,Louisiana,90499.99998275746
874,Union County,Ohio,190900.0000098917
875,Cass County,Michigan,107100.00003100262
876,Pulaski County,Missouri,139199.99995424482
877,McMinn County,Tennessee,109000.00000446722
878,Effingham County,Georgia,170399.9999907022
879,Somerset County,Maine,103899.99997728613
880,Pender County,North Carolina,214099.9999140356
881,Eagle County,Colorado,656399.9998858435
882,Lyon County,Nevada,233699.99995080955
883,Taney County,Missouri,126000.00003705882
884,Franklin County,New York,90000.00002875399
885,Winona County,Minnesota,158600.00003410334
886,Worcester County,Maryland,237999.99992833598
887,Jefferson County,Tennessee,130700.00002079533
888,La Plata County,Colorado,396600.0001289165
889,Grant County,Wisconsin,127599.99996261644
890,Hood County,Texas,204499.99993426152
891,Tioga County,New York,117099.99996751246
892,Watauga County,North Carolina,225899.99991758898
893,Washington County,Oklahoma,90200.00000901999
894,Crittenden County,Arkansas,81700.00002692596
895,Cherokee County,Texas,85900.0000002789
896,Camden County,Georgia,156500.00002809445
897,Chenango County,New York,92600.00004057861
898,LeFlore County,Oklahoma,70300.00000428222
899,Montgomery County,New York,100300.00004306408
900,Grundy County,Illinois,179899.9999773416
901,Dearborn County,Indiana,163899.99998381454
902,Box Elder County,Utah,205399.99991382542
903,Coffee County,Alabama,109500.00004506568
904,Bristol County,Rhode Island,330400.00002054893
905,Bedford County,Pennsylvania,118800.00005394961
906,Jackson County,Florida,87900.00000663396
907,Gibson County,Tennessee,72000.0000306383
908,Dickson County,Tennessee,150199.99996012708
909,Kerr County,Texas,184100.0000699841
910,Boyd County,Kentucky,85400.00003495795
911,Henry County,Indiana,75999.99999652969
912,Shelby County,Ohio,132800.00000601925
913,Columbia County,Oregon,277399.9999174102
914,Cortland County,New York,116299.99999866541
915,Franklin County,Kentucky,129600.0000520697
916,Greene County,New York,171900.0000336594
917,Clinton County,Iowa,110000.0
918,Calumet County,Wisconsin,170300.00005220252
919,Allegany County,New York,66799.99996909675
920,Harrisonburg City,Virginia,182500.00001430998
921,Jessamine County,Kentucky,145300.00004164767
922,Loudon County,Tennessee,181099.9999435769
923,Newaygo County,Michigan,85500.00003053571
924,Laurens County,Georgia,95599.99997441446
925,Delaware County,New York,133900.00000477213
926,Carroll County,New Hampshire,230900.00007915305
927,Queen Annes County,Maryland,316199.99988067924
928,Macoupin County,Illinois,69099.9999941635
929,Franklin County,Vermont,201399.99999200867
930,Navarro County,Texas,92500.00003306946
931,Oktibbeha County,Mississippi,176899.9999360511
932,Carter County,Oklahoma,82799.99996999449
933,Noble County,Indiana,104899.9999686673
934,Osage County,Oklahoma,102700.00001082488
935,Santa Cruz County,Arizona,124000.00004087911
936,Stokes County,North Carolina,138900.00000337002
937,Lafayette County,Mississippi,204099.99997217732
938,Scott County,Kentucky,173300.00004318447
939,Washington Parish,Louisiana,73799.99997761803
940,Marshall County,Indiana,124499.99998877975
941,Douglas County,Nevada,379100.00006121444
942,Cherokee County,Oklahoma,89800.0000315342
943,Hoke County,North Carolina,161300.00003389842
944,Hopkins County,Kentucky,85200.0000104517
945,Lincoln Parish,Louisiana,160399.99995227766
946,Culpeper County,Virginia,238199.99998713942
947,Hillsdale County,Michigan,112399.99996108563
948,Kay County,Oklahoma,62699.999996865
949,Gadsden County,Florida,88899.99999299923
950,Warren County,Iowa,181100.00004680007
951,Goodhue County,Minnesota,188099.99991137595
952,Iron County,Utah,201800.00007815476
953,Lawrence County,Indiana,79099.99996747835
954,Campbell County,Wyoming,260099.99996459472
955,Buffalo County,Nebraska,191400.00008562632
956,Lincoln County,Oregon,257599.99990586648
957,Perry County,Pennsylvania,154800.00003725957
958,Auglaize County,Ohio,119899.99995022135
959,Saint John the Baptist Parish,Louisiana,131799.9999841134
960,Huntingdon County,Pennsylvania,116399.99994639473
961,Barron County,Wisconsin,136600.00005407474
962,Logan County,Ohio,114600.00002665115
963,Pittsburg County,Oklahoma,78000.0000352019
964,Baldwin County,Georgia,129100.0000041616
965,Bingham County,Idaho,181300.00003729187
966,Calaveras County,California,288000.0
967,Colquitt County,Georgia,86600.00002926803
968,Vance County,North Carolina,84599.99997996067
969,Polk County,Texas,134300.00006018765
970,Branch County,Michigan,94400.00002754088
971,Jefferson County,Pennsylvania,81399.99996880935
972,Phelps County,Missouri,129900.00004463564
973,Itasca County,Minnesota,143200.0000314068
974,Bedford County,Tennessee,130599.99999446463
975,Stephens County,Oklahoma,59900.000024472414
976,McDowell County,North Carolina,125300.00002662854
977,Siskiyou County,California,185100.00007580465
978,Brown County,Ohio,121899.99998559627
979,Whitman County,Washington,218799.99997861948
980,Thomas County,Georgia,105099.9999967371
981,Monroe County,Tennessee,108899.99998685834
982,Windham County,Vermont,181700.00002909452
983,Ohio County,West Virginia,97100.00003311786
984,Beltrami County,Minnesota,146999.99999460552
985,Shelby County,Indiana,128099.99995480967
986,Callaway County,Missouri,145300.000055139
987,Polk County,Wisconsin,170199.9999663407
988,Douglas County,Wisconsin,127299.99996075075
989,Cerro Gordo County,Iowa,102600.000039039
990,Camden County,Missouri,185900.0000319992
991,Hancock County,Mississippi,137700.00005067504
992,Dunn County,Wisconsin,149700.00006233706
993,Sweetwater County,Wyoming,221099.9999918038
994,Sullivan County,New Hampshire,174299.99994218204
995,Chilton County,Alabama,114299.99998984646
996,Highland County,Ohio,93999.99997974535
997,Stevens County,Washington,177500.00005527528
998,Charlottesville City,Virginia,286900.0000118422
999,Miller County,Arkansas,93899.99997230287
1000,McKean County,Pennsylvania,60000.00000000001
1001,Nelson County,Kentucky,144099.99996003797
1002,Madison County,Ohio,153199.99999287003
1003,Susquehanna County,Pennsylvania,113399.99998885221
1004,Habersham County,Georgia,137200.0000379509
1005,Wilson County,Texas,247000.00006269035
1006,Orleans County,New York,96400.00004367396
1007,Mecosta County,Michigan,92600.00003686851
1008,Butler County,Missouri,118499.99996350199
1009,Muscatine County,Iowa,137700.0000444936
1010,Fulton County,Ohio,130400.00004928504
1011,Gratiot County,Michigan,82699.99998331166
1012,Bryan County,Oklahoma,98599.99997453684
1013,Sequoyah County,Oklahoma,79899.99999459657
1014,Jackson County,Indiana,120400.00000683885
1015,Coffee County,Georgia,80099.99997811053
1016,Preble County,Ohio,102099.9999596486
1017,Kandiyohi County,Minnesota,151999.99997085682
1018,Pettis County,Missouri,87199.99999226452
1019,Wyoming County,New York,107300.00004244022
1020,Greene County,Arkansas,92899.99996476511
1021,Shelby County,Kentucky,186399.99991398427
1022,Avoyelles Parish,Louisiana,84399.99996519588
1023,Clinton County,Ohio,128999.99998058063
1024,Shenandoah County,Virginia,175000.00004706832
1025,Shawano County,Wisconsin,112799.9999818156
1026,Dubois County,Indiana,141799.9999410844
1027,Lawrence County,Tennessee,92500.00001577729
1028,Logan County,Oklahoma,148499.99997645055
1029,Marinette County,Wisconsin,98199.99995775956
1030,Tallapoosa County,Alabama,110799.99996517453
1031,Suwannee County,Florida,123600.00001714894
1032,Baxter County,Arkansas,119699.9999655645
1033,Delaware County,Oklahoma,147300.00001043334
1034,Polk County,Georgia,85600.00000784667
1035,Ottawa County,Ohio,132999.99993979424
1036,Wharton County,Texas,125399.99995202571
1037,Montrose County,Colorado,237799.99997627517
1038,Mayes County,Oklahoma,102800.00003276044
1039,Davie County,North Carolina,158999.99993345022
1040,Webster Parish,Louisiana,52400.00001166535
1041,Okanogan County,Washington,160699.9999595739
1042,Franklin County,Tennessee,122599.99995784475
1043,Pierce County,Wisconsin,199400.0000874628
1044,Kittitas County,Washington,277999.9999702276
1045,Bonner County,Idaho,270299.9999603735
1046,Jim Wells County,Texas,94799.99998738713
1047,Mercer County,Ohio,147000.00006514453
1048,Campbell County,Tennessee,96400.00002708605
1049,Marshall County,Iowa,99400.00000385646
1050,Pike County,Mississippi,107600.00000116324
1051,Howell County,Missouri,112999.99998766583
1052,Des Moines County,Iowa,85999.99996451684
1053,Jackson County,North Carolina,180299.9999295338
1054,Rio Arriba County,New Mexico,172399.99992694575
1055,Ravalli County,Montana,192299.99999866085
1056,Fremont County,Wyoming,210399.99991794777
1057,Tift County,Georgia,120399.99996222745
1058,Guernsey County,Ohio,90600.00002838073
1059,Okmulgee County,Oklahoma,59699.9999794539
1060,Okeechobee County,Florida,118700.00001937422
1061,Clarion County,Pennsylvania,80999.99996589473
1062,Warren County,Tennessee,92199.99999089152
1063,Knox County,Maine,215100.0000444534
1064,Snyder County,Pennsylvania,149700.0000235285
1065,Murray County,Georgia,114800.00002716933
1066,Natchitoches Parish,Louisiana,116699.99998327854
1067,Person County,North Carolina,134400.00001734195
1068,Essex County,New York,152499.99997576285
1069,Harrison County,Indiana,139199.99994567805
1070,Upshur County,Texas,135500.00002149242
1071,Nez Perce County,Idaho,205899.9999948396
1072,Clinton County,Pennsylvania,136000.00006151237
1073,Mower County,Minnesota,92500.00002418013
1074,Hendry County,Florida,108500.00002919082
1075,Crawford County,Kansas,74099.9999727699
1076,Cheatham County,Tennessee,182399.99999114295
1077,Defiance County,Ohio,97400.00000017254
1078,Livingston County,Illinois,90400.00004378291
1079,Colleton County,South Carolina,108599.99998019192
1080,Jefferson County,Illinois,53800.00002201779
1081,Woodford County,Illinois,149499.9999508097
1082,Lawrence County,Missouri,94900.00002574947
1083,Chippewa County,Michigan,87100.00001408426
1084,Benton County,Minnesota,172299.99997929088
1085,Knox County,Indiana,74999.99997812136
1086,Cooke County,Texas,131600.0000324668
1087,Douglas County,Washington,319400.0000128682
1088,Fayette County,Tennessee,186299.99996979642
1089,Dyer County,Tennessee,73699.99999758077
1090,Montgomery County,Indiana,104699.9999895645
1091,Brown County,Texas,83600.00003472324
1092,Amador County,California,294399.9999879104
1093,Caldwell County,Texas,138300.00003348026
1094,Webster County,Iowa,81399.99999754479
1095,Putnam County,Indiana,128200.00002212498
1096,Erath County,Texas,127699.99996352637
1097,Isanti County,Minnesota,177600.00002114286
1098,Talbot County,Maryland,296500.00007006334
1099,Clinton County,Illinois,114099.99999781126
1100,Oconto County,Wisconsin,141000.00005055775
1101,Williams County,Ohio,92900.00001072278
1102,Warren County,Virginia,201599.99998463268
1103,Madison County,Idaho,219400.00004232625
1104,Newberry County,South Carolina,90200.00001769382
1105,Pontotoc County,Oklahoma,89099.9999669057
1106,Graham County,Arizona,158200.0000535978
1107,Alexander County,North Carolina,137799.9999986759
1108,Calloway County,Kentucky,127600.00000461552
1109,Lagrange County,Indiana,155299.99994148244
1110,Bennington County,Vermont,167100.0000643195
1111,Huntington County,Indiana,89900.00001343638
1112,Delta County,Michigan,92399.99997131464
1113,Alcorn County,Mississippi,88799.99997462858
1114,Clatsop County,Oregon,279000.0000371035
1115,Monroe County,Mississippi,75600.00001188624
1116,Scotts Bluff County,Nebraska,107299.99997759952
1117,Boone County,Arkansas,101199.99998660966
1118,Miami County,Indiana,74399.9999678665
1119,Coshocton County,Ohio,88499.9999744354
1120,Gloucester County,Virginia,219400.00007725216
1121,Green County,Wisconsin,155799.99992888008
1122,Jasper County,Iowa,122100.00001808541
1123,Addison County,Vermont,224600.00008116037
1124,Finney County,Kansas,146299.99999277532
1125,Matagorda County,Texas,134100.0000232277
1126,Dodge County,Nebraska,124999.99999999999
1127,McLeod County,Minnesota,161500.00005575482
1128,Independence County,Arkansas,91300.00000670618
1129,Steele County,Minnesota,158299.99996390133
1130,Summit County,Utah,619800.0001543574
1131,Ware County,Georgia,78100.00003552632
1132,Cowley County,Kansas,69100.00000791869
1133,Albany County,Wyoming,219700.00004275245
1134,Lincoln County,Nebraska,141800.00005167985
1135,Hale County,Texas,71200.00000672755
1136,Halifax County,Virginia,75100.00003166072
1137,Scotland County,North Carolina,71800.00003193115
1138,Perry County,Ohio,91200.00000139237
1139,Douglas County,Minnesota,199299.9999538631
1140,Oneida County,Wisconsin,154699.99995042282
1141,Prince George County,Virginia,188600.00003067421
1142,Jasper County,Texas,105400.00003481278
1143,Cocke County,Tennessee,79900.00001539516
1144,Beauregard Parish,Louisiana,101099.9999970423
1145,Whitley County,Kentucky,85599.99997770085
1146,Wapello County,Iowa,72900.00003405198
1147,Clark County,Kentucky,143399.9999468407
1148,Barry County,Missouri,115500.00002346093
1149,Laclede County,Missouri,121499.999975158
1150,Morgan County,Illinois,79800.00002374536
1151,Montgomery County,Kansas,52699.99999633037
1152,Carlton County,Minnesota,156600.00006340301
1153,Sagadahoc County,Maine,205999.99993722994
1154,Isle of Wight County,Virginia,239800.00001465017
1155,Seneca County,New York,102500.0
1156,Chambers County,Texas,201500.00003212193
1157,Hill County,Texas,83199.99997714678
1158,Bureau County,Illinois,79700.0
1159,Clarendon County,South Carolina,100900.00002031415
1160,Madison County,Nebraska,156399.99995669798
1161,Pulaski County,Virginia,109700.00000236894
1162,Lincoln County,Mississippi,121800.00004077515
1163,De Soto County,Florida,105199.99997845505
1164,Christian County,Illinois,79700.00000859104
1165,Harvey County,Kansas,118400.0000317175
1166,McClain County,Oklahoma,154600.00003006897
1167,Putnam County,Ohio,135099.999957022
1168,Adams County,Indiana,119500.00004979166
1169,Geary County,Kansas,129099.99997882488
1170,Lincoln County,Oklahoma,75400.00001350703
1171,Effingham County,Illinois,127600.00000157897
1172,Steuben County,Indiana,145199.99999136355
1173,Evangeline Parish,Louisiana,57100.000006993796
1174,Macon County,North Carolina,169400.00003741804
1175,Dare County,North Carolina,292200.0000448143
1176,Fannin County,Texas,89899.9999930289
1177,Ford County,Kansas,103699.99996461107
1178,Washington County,Texas,183499.99997599705
1179,Sioux County,Iowa,158500.00000699263
1180,Lyon County,Kansas,86999.99998813221
1181,Gibson County,Indiana,98600.00003043543
1182,Orange County,Virginia,205200.00009057103
1183,Jasper County,Indiana,152900.00005931157
1184,Kendall County,Texas,328099.99988459353
1185,Iberville Parish,Louisiana,93799.9999576577
1186,Lincoln County,Tennessee,101099.99995961496
1187,Marion County,Iowa,137900.00004606223
1188,Whitley County,Indiana,140499.9999660862
1189,Jackson County,Ohio,81100.00000586486
1190,Clinton County,Indiana,90599.9999998256
1191,Morrison County,Minnesota,179700.0000562116
1192,Louisa County,Virginia,198399.99993430215
1193,McCurtain County,Oklahoma,69400.00001808189
1194,Botetourt County,Virginia,180900.0000431377
1195,Chester County,South Carolina,65099.99999775518
1196,Huron County,Michigan,95699.99999239205
1197,Transylvania County,North Carolina,209699.99991875197
1198,Caroline County,Maryland,175200.0000617445
1199,Coos County,New Hampshire,112499.99996510545
1200,Pike County,Alabama,123700.00002906611
1201,Wabash County,Indiana,96400.00004177641
1202,Sumter County,Georgia,76199.99998095
1203,Miami County,Kansas,179399.99999326793
1204,Schoharie County,New York,131399.9999456602
1205,Emmet County,Michigan,150300.00004261415
1206,Dorchester County,Maryland,137900.00002476844
1207,McDonough County,Illinois,67899.99998346527
1208,Uintah County,Utah,255400.00006373145
1209,Warren County,Missouri,160099.99999170325
1210,Becker County,Minnesota,202899.9999204839
1211,Jefferson County,Indiana,102899.99996364042
1212,Amherst County,Virginia,148900.00004806326
1213,Titus County,Texas,113300.00004777938
1214,Henry County,Tennessee,82799.99998045493
1215,Adams County,Mississippi,114500.0000182086
1216,Platte County,Nebraska,151000.00003222562
1217,Smyth County,Virginia,72899.99997765968
1218,Stone County,Missouri,155800.00004798188
1219,Kleberg County,Texas,111599.99999015004
1220,Harris County,Georgia,212900.00001254573
1221,Bee County,Texas,111499.99997962624
1222,Ottawa County,Oklahoma,62199.999982478876
1223,Rhea County,Tennessee,107799.99995588746
1224,Obion County,Tennessee,67599.99997382115
1225,Polk County,Minnesota,175600.00001692981
1226,Jefferson Davis Parish,Louisiana,74999.9999755541
1227,Muhlenberg County,Kentucky,83699.99998544347
1228,Marshall County,Kentucky,91899.99998114872
1229,Malheur County,Oregon,146899.99997666883
1230,Juneau Borough,Alaska,381800.0000651147
1231,Freeborn County,Minnesota,96799.99996448345
1232,Clare County,Michigan,83700.00002174803
1233,Wakulla County,Florida,153700.00001767284
1234,Hancock County,West Virginia,82300.00003476634
1235,Marshall County,Tennessee,133499.9999627355
1236,Cass County,Texas,98599.9999798895
1237,Logan County,Illinois,79599.99998213854
1238,Bryan County,Georgia,218999.999946926
1239,Montgomery County,Illinois,54399.99997495252
1240,Wayne County,Georgia,104899.99997920521
1241,Garrett County,Maryland,158999.99996715673
1242,Lumpkin County,Georgia,191499.99994427248
1243,Jefferson County,Washington,343200.0000165311
1244,Vernon County,Wisconsin,135299.99998821036
1245,Pine County,Minnesota,155599.99999677698
1246,Iroquois County,Illinois,73800.00001082275
1247,Neshoba County,Mississippi,106499.99999391696
1248,Alpena County,Michigan,78000.00000947753
1249,Grant County,New Mexico,121699.99995251892
1250,Giles County,Tennessee,99499.99998981724
1251,Copiah County,Mississippi,74100.00003309004
1252,Pickens County,Georgia,175099.99994884405
1253,Hocking County,Ohio,112999.99998783077
1254,Wythe County,Virginia,120899.99998013787
1255,McPherson County,Kansas,134399.99999392114
1256,Sheridan County,Wyoming,230199.99999404253
1257,Fayette County,Ohio,101999.99996557727
1258,Union County,South Carolina,59100.00002919761
1259,Tate County,Mississippi,124099.9999513745
1260,Carroll County,Ohio,99399.99999527962
1261,Ripley County,Indiana,110800.00004552938
1262,Trempealeau County,Wisconsin,142699.99999819967
1263,Marion County,Missouri,114799.99998111355
1264,Haralson County,Georgia,110900.00004448481
1265,Lake County,Montana,253199.99989480668
1266,Van Wert County,Ohio,97199.99997057334
1267,Lincoln County,Wisconsin,124599.99994858692
1268,Mason County,Michigan,105099.99996676166
1269,Jones County,Georgia,126599.9999791671
1270,Meade County,Kentucky,125899.99999240995
1271,Cass County,Minnesota,160199.99993072927
1272,Caroline County,Virginia,175499.99994515625
1273,Jennings County,Indiana,103999.99997143347
1274,Carroll County,Tennessee,70299.99997267158
1275,Bradford County,Florida,112399.99996549345
1276,Ellis County,Kansas,166699.99992631664
1277,Boyle County,Kentucky,126099.99995729297
1278,Austin County,Texas,194899.9999215362
1279,Gilmer County,Georgia,186800.00007205547
1280,Wyoming County,Pennsylvania,140299.9999824625
1281,Washington County,Indiana,104900.00000702086
1282,Marion County,Tennessee,99199.99997469479
1283,Park County,Wyoming,240199.99991906306
1284,Glenn County,California,197200.0000218202
1285,Madison County,Georgia,127300.00000848666
1286,Palo Pinto County,Texas,109200.0000191876
1287,Powhatan County,Virginia,267499.9999295285
1288,Morehouse Parish,Louisiana,78899.99997529008
1289,Sanpete County,Utah,197200.00007595852
1290,Lauderdale County,Tennessee,61299.99998720212
1291,Montgomery County,North Carolina,87699.99996375432
1292,Door County,Wisconsin,175900.00002468613
1293,Henderson County,Tennessee,88800.00000455383
1294,Le Sueur County,Minnesota,182000.00006317507
1295,Peach County,Georgia,126699.99999031708
1296,Barton County,Kansas,75700.00001598633
1297,Wells County,Indiana,113100.00001608496
1298,Garvin County,Oklahoma,59599.99998363557
1299,Simpson County,Mississippi,91100.00001898254
1300,Morton County,North Dakota,203500.0000190598
1301,Custer County,Oklahoma,101999.99997819078
1302,Carroll County,Arkansas,133299.99999629465
1303,Cherokee County,North Carolina,142499.9999808981
1304,Ashe County,North Carolina,127100.00004492408
1305,Hardeman County,Tennessee,62199.9999708851
1306,Upson County,Georgia,67100.00000498405
1307,White County,Georgia,161899.9999619584
1308,Union County,Mississippi,148000.0000647781
1309,Baker County,Florida,163899.9999955873
1310,Marion County,Mississippi,108400.00001582752
1311,Lewis County,New York,110199.99995790525
1312,Elmore County,Idaho,149499.99996904586
1313,Edgefield County,South Carolina,130699.99994207508
1314,Anson County,North Carolina,59699.99999541489
1315,Juneau County,Wisconsin,106599.99995365218
1316,Oceana County,Michigan,91699.999984196
1317,Montgomery County,Kentucky,124300.00002319613
1318,Somerset County,Maryland,104700.0000487188
1319,Jackson County,Oklahoma,54000.000022978726
1320,Monroe County,Georgia,176800.00000996055
1321,Uvalde County,Texas,109399.99998546368
1322,San Jacinto County,Texas,118899.99996822879
1323,Boone County,Iowa,135399.99995723215
1324,Winchester City,Virginia,216199.99995267644
1325,Stephens County,Georgia,98900.00002766307
1326,Randolph County,Indiana,69299.99998327241
1327,Cheboygan County,Michigan,99500.00000419635
1328,Coahoma County,Mississippi,87699.99996092354
1329,Jefferson County,Idaho,219799.9999451177
1330,Mille Lacs County,Minnesota,168500.00000578378
1331,Benton County,Iowa,140399.99999923955
1332,McNairy County,Tennessee,70999.99996928753
1333,Hardin County,Tennessee,87800.00001955371
1334,Chattooga County,Georgia,72500.0
1335,Franklin County,Kansas,99100.0000215199
1336,Cherokee County,Alabama,102899.9999790503
1337,Cleburne County,Arkansas,126499.99994547415
1338,Posey County,Indiana,138799.99995546718
1339,Iosco County,Michigan,71200.00000440981
1340,Lyon County,Minnesota,121499.99997398288
1341,White County,Tennessee,98700.00001560796
1342,Union County,Oregon,167899.99994188076
1343,Decatur County,Indiana,117399.99995194552
1344,Gladwin County,Michigan,91499.9999885625
1345,Fluvanna County,Virginia,198599.99990841036
1346,Adair County,Missouri,92600.00002196485
1347,Johnson County,Arkansas,86099.9999945473
1348,Montezuma County,Colorado,199399.99997262677
1349,Audrain County,Missouri,96999.99996431751
1350,Seminole County,Oklahoma,44700.00001513465
1351,Shelby County,Texas,93699.99998085595
1352,Randolph County,Missouri,94799.99996653036
1353,Yates County,New York,140999.9999500885
1354,Prentiss County,Mississippi,77100.00001003819
1355,Tillamook County,Oregon,296500.000062045
1356,Wasco County,Oregon,234799.9999043683
1357,Hart County,Georgia,136899.99999541117
1358,Washington County,Missouri,100200.0000381803
1359,Luna County,New Mexico,95899.99997077686
1360,Saline County,Illinois,42399.99999261002
1361,Washington County,Florida,99400.00003188301
1362,Todd County,Minnesota,105899.99999965193
1363,Gillespie County,Texas,279499.9999846478
1364,Salem City,Virginia,153700.00002218448
1365,Jasper County,South Carolina,123199.99997289956
1366,Milam County,Texas,84699.99997987328
1367,Miller County,Missouri,123200.00001021347
1368,Manistee County,Michigan,118499.99999663899
1369,Crawford County,Missouri,131499.99997589324
1370,Hickman County,Tennessee,84799.99999447331
1371,Grant County,Kentucky,141399.9999521244
1372,White County,Indiana,97699.99998958866
1373,Juniata County,Pennsylvania,142200.0000059795
1374,Taylor County,Kentucky,103299.99996386947
1375,Waushara County,Wisconsin,128899.99998903568
1376,Lamoille County,Vermont,219599.99995279897
1377,Roscommon County,Michigan,93699.99999483692
1378,Fredericksburg City,Virginia,315999.9999850591
1379,Fayette County,Indiana,59300.00001902376
1380,Stark County,North Dakota,239699.99995818737
1381,Scott County,Indiana,89800.00000099135
1382,Otsego County,Michigan,106199.9999680219
1383,Sumner County,Kansas,72699.99998966519
1384,Page County,Virginia,142300.00000009307
1385,Fairfield County,South Carolina,44500.00001228238
1386,Panola County,Texas,129900.00002648274
1387,West Baton Rouge Parish,Louisiana,194499.9999788051
1388,Staunton City,Virginia,148799.99995081624
1389,Houston County,Texas,93399.99996260203
1390,Caswell County,North Carolina,88000.00001384465
1391,Iowa County,Wisconsin,155099.99995362703
1392,Fannin County,Georgia,179400.000065733
1393,Butts County,Georgia,110799.99996732485
1394,King George County,Virginia,259599.99999650766
1395,Antrim County,Michigan,133699.99999779518
1396,Currituck County,North Carolina,246400.00001159104
1397,Wasatch County,Utah,400700.0001578433
1398,Osceola County,Michigan,82999.99999334478
1399,Routt County,Colorado,469300.00000931957
1400,Limestone County,Texas,93599.9999602407
1401,Starke County,Indiana,95200.00003001724
1402,Teller County,Colorado,273799.99988441536
1403,Rowan County,Kentucky,114899.9999718553
1404,Burke County,Georgia,70300.0000162429
1405,Meeker County,Minnesota,149099.99993894735
1406,Scott County,Virginia,82599.9999870545
1407,Aransas County,Texas,186000.00006161854
1408,Franklin County,Indiana,151499.9999632986
1409,Elbert County,Colorado,477199.99998357374
1410,McDonald County,Missouri,88599.99999282314
1411,Plaquemines Parish,Louisiana,222299.99989542746
1412,Cassia County,Idaho,164199.99998466263
1413,Seward County,Kansas,110800.0000545853
1414,Hockley County,Texas,102899.99995240518
1415,Pointe Coupee Parish,Louisiana,128200.00003753562
1416,Union Parish,Louisiana,108500.0000182013
1417,Jo Daviess County,Illinois,120000.00003918368
1418,Grainger County,Tennessee,106599.99996597307
1419,Hopewell City,Virginia,101100.00001211754
1420,Taylor County,Florida,90699.99999575286
1421,Fairfax City,Virginia,492999.9999729916
1422,Gray County,Texas,77599.99999923358
1423,Yankton County,South Dakota,162799.99994129155
1424,Williams County,North Dakota,220299.99997885636
1425,Jerome County,Idaho,169600.000042622
1426,Curry County,Oregon,291700.0001046014
1427,Hood River County,Oregon,414200.00004996115
1428,Dawson County,Georgia,231600.0000275059
1429,Gage County,Nebraska,101200.00000294132
1430,Grant Parish,Louisiana,91999.99999131051
1431,Rockbridge County,Virginia,178600.0000337015
1432,Macon County,Tennessee,103199.9999922985
1433,Beckham County,Oklahoma,80000.0
1434,Saint James Parish,Louisiana,138499.99996133987
1435,Franklin County,Georgia,121699.99996436508
1436,Overton County,Tennessee,91900.00000821799
1437,Meriwether County,Georgia,82299.99998635668
1438,Morgan County,Tennessee,84100.0000147065
1439,Grenada County,Mississippi,95700.00000759205
1440,Moore County,Texas,111900.00002146653
1441,McDuffie County,Georgia,91800.0000224362
1442,Tyler County,Texas,97200.00004311521
1443,Newton County,Mississippi,97300.00004010338
1444,Jefferson County,Oregon,218499.9998981568
1445,Goochland County,Virginia,285100.0000791191
1446,Washington County,Iowa,145500.00003126523
1447,Wabasha County,Minnesota,188399.99993993042
1448,Asotin County,Washington,207200.0000492435
1449,Pottawatomie County,Kansas,179899.9999371975
1450,Owen County,Indiana,92299.99998303004
1451,Vilas County,Wisconsin,186199.99997797122
1452,Anderson County,Kentucky,142099.9999630578
1453,Colusa County,California,203399.99997386528
1454,Calhoun County,Texas,126599.99999097649
1455,Blaine County,Idaho,407100.0000440108
1456,Union County,Georgia,179399.99992816726
1457,Mercer County,Kentucky,127799.99996013237
1458,Teton County,Wyoming,733300.0000484027
1459,Jay County,Indiana,90199.99999912214
1460,Putnam County,Georgia,193999.99995435294
1461,Uinta County,Wyoming,204600.00001327027
1462,Stutsman County,North Dakota,155800.00006374513
1463,Waynesboro City,Virginia,150200.0000370487
1464,Crook County,Oregon,229600.00003760852
1465,Spencer County,Indiana,113699.99996107405
1466,Colorado County,Texas,138299.9999722201
1467,Fillmore County,Minnesota,138900.0000287532
1468,Martin County,Minnesota,97800.00003956162
1469,Fulton County,Indiana,87999.9999863168
1470,Concordia Parish,Louisiana,67799.9999951371
1471,Carroll County,Iowa,130199.99994130785
1472,Sevier County,Utah,190299.9999740171
1473,Saunders County,Nebraska,160799.99997591542
1474,Franklin Parish,Louisiana,60900.00001887901
1475,Madison County,North Carolina,187100.00001341716
1476,Wayne County,Mississippi,96900.00002482563
1477,Polk County,Arkansas,86999.99996168635
1478,Clay County,Mississippi,96499.99996713475
1479,Kewaunee County,Wisconsin,137900.00005142504
1480,Polk County,North Carolina,203000.00002242596
1481,Lincoln County,New Mexico,188999.9999807143
1482,Bandera County,Texas,225100.00002899882
1483,Hubbard County,Minnesota,183800.00003030265
1484,Klickitat County,Washington,214999.99994849737
1485,East Feliciana Parish,Louisiana,164899.99995169597
1486,Buena Vista County,Iowa,100700.0000194175
1487,McIntosh County,Oklahoma,74299.99998056152
1488,Washington County,Nebraska,172199.99995732628
1489,Jones County,Texas,68100.00002148934
1490,Kent County,Maryland,192500.0000501302
1491,Elbert County,Georgia,83199.99998238766
1492,Carroll County,Indiana,107499.99998920682
1493,De Witt County,Texas,101199.99995403511
1494,Dodge County,Minnesota,188700.0000029746
1495,Woodward County,Oklahoma,90200.00001305173
1496,Minidoka County,Idaho,138400.0000310556
1497,Breckinridge County,Kentucky,92599.99996285538
1498,Plumas County,California,247400.00002461145
1499,Bourbon County,Kentucky,123400.0000260641
1500,Langlade County,Wisconsin,97099.99995536072
1501,Jackson County,Iowa,128100.00004378927
1502,Marion County,Kentucky,106100.00004191724
1503,Freestone County,Texas,109300.00004412913
1504,Gonzales County,Texas,107199.99999853024
1505,Dickinson County,Kansas,90300.00002397428
1506,Montague County,Texas,95500.00002220931
1507,Lincoln County,Montana,154400.0000584457
1508,Lampasas County,Texas,157900.00006210795
1509,Covington County,Mississippi,91699.99998128762
1510,Perry County,Indiana,93400.00000897745
1511,Llano County,Texas,226300.00000238212
1512,Berrien County,Georgia,101999.99995848289
1513,Lavaca County,Texas,106700.00002899957
1514,Winston County,Mississippi,93200.00001909464
1515,Smith County,Tennessee,124799.99997145389
1516,Jefferson County,Kansas,124599.99994858692
1517,Union County,Tennessee,113300.00001736847
1518,Green Lake County,Wisconsin,122400.00005086754
1519,Houston County,Minnesota,167000.00002594895
1520,Perry County,Missouri,130000.00002729181
1521,New Madrid County,Missouri,81199.99997550812
1522,Poweshiek County,Iowa,139400.0000003678
1523,Otero County,Colorado,81400.00002075973
1524,Haywood County,Tennessee,65599.9999779322
1525,Pierce County,Georgia,110000.00000885667
1526,Adams County,Washington,162500.00006013174
1527,Dekalb County,Tennessee,116499.99997096435
1528,Duchesne County,Utah,207500.00005273797
1529,Young County,Texas,90899.99999091
1530,Inyo County,California,343400.00008539215
1531,Humphreys County,Tennessee,102600.00003106322
1532,Pike County,Missouri,118200.00002854463
1533,Cedar County,Iowa,152899.99997607686
1534,New Kent County,Virginia,247600.0001024944
1535,Greene County,Virginia,219699.9999265125
1536,Banks County,Georgia,159000.00002530983
1537,Lamar County,Georgia,108700.00000789158
1538,Unicoi County,Tennessee,107499.99996128178
1539,Mariposa County,California,224299.9999690274
1540,Johnson County,Tennessee,80000.0
1541,Bosque County,Texas,120199.99995158866
1542,Lincoln County,Wyoming,211100.00003632833
1543,Fentress County,Tennessee,80900.00003135802
1544,Los Alamos County,New Mexico,284899.99990070687
1545,Pike County,Georgia,159599.99998005
1546,Morgan County,Georgia,194499.99999063677
1547,Bristol City,Virginia,95299.99998229023
1548,Chaffee County,Colorado,342700.0001237312
1549,Stone County,Mississippi,114700.00000774302
1550,Delaware County,Iowa,140800.00003611704
1551,Warren County,Illinois,55600.00001473734
1552,Gaines County,Texas,146999.99997345576
1553,Benzie County,Michigan,160400.00005214056
1554,Westmoreland County,Virginia,174300.00006444464
1555,Colonial Heights City,Virginia,162999.99996211563
1556,Rush County,Indiana,94800.00002991786
1557,Chickasaw County,Mississippi,70899.99999407693
1558,Parke County,Indiana,67400.00001424982
1559,Andrew County,Missouri,132599.99998731652
1560,Giles County,Virginia,103599.99996488755
1561,Sharp County,Arkansas,66500.00002734084
1562,Frio County,Texas,89900.0000386732
1563,Claiborne Parish,Louisiana,53599.99998000415
1564,Burleson County,Texas,124599.99995710328
1565,Kalkaska County,Michigan,87799.9999856767
1566,Pitkin County,Colorado,978599.9996828618
1567,Chester County,Tennessee,94800.00000303968
1568,Jasper County,Mississippi,94799.99999907172
1569,Spencer County,Kentucky,197299.99998131045
1570,Bates County,Missouri,94900.00001409679
1571,Wayne County,Tennessee,74800.0000050835
1572,Gilchrist County,Florida,116999.9999795186
1573,Atchison County,Kansas,91400.00000978967
1574,Garrard County,Kentucky,114799.99994910073
1575,Polk County,Tennessee,87800.00001289717
1576,Leon County,Texas,123299.9999689653
1577,Dallas County,Missouri,118900.00005044242
1578,Clarke County,Mississippi,89199.99998477893
1579,Piatt County,Illinois,124299.99994850134
1580,Gem County,Idaho,211900.00005312945
1581,Clay County,Iowa,118799.999985577
1582,Dickinson County,Iowa,216499.999997069
1583,Dade County,Georgia,127700.00003877754
1584,Robertson County,Texas,87100.00001695524
1585,Lee County,Texas,135800.00000679
1586,Dewitt County,Illinois,83000.00001405079
1587,Sawyer County,Wisconsin,175400.00006942148
1588,Dukes County,Massachusetts,770400.0002547898
1589,Neosho County,Kansas,69400.00002767002
1590,Benton County,Tennessee,72199.99998964995
1591,Dixie County,Florida,86100.00000974024
1592,Iowa County,Iowa,151000.00005005003
1593,Clark County,Illinois,66200.00000092201
1594,Richland County,North Dakota,114400.00001176349
1595,Osage County,Kansas,94900.00004569619
1596,Rabun County,Georgia,159499.99998662923
1597,Jackson Parish,Louisiana,75500.00002944692
1598,Idaho County,Idaho,185700.00001430538
1599,Alleghany County,Virginia,91099.99999003876
1600,Kanabec County,Minnesota,153800.0000601414
1601,Vermillion County,Indiana,52099.99999653309
1602,Park County,Colorado,311800.00004013977
1603,Aitkin County,Minnesota,165400.0000754783
1604,Ashland County,Wisconsin,89400.00003553556
1605,Hill County,Montana,173600.00002321336
1606,Greene County,Georgia,279700.0000280676
1607,King William County,Virginia,190200.00000530173
1608,Page County,Iowa,78400.0000014969
1609,Arenac County,Michigan,61100.00000131803
1610,Gulf County,Florida,160799.99998833856
1611,San Juan County,Washington,555700.0001038675
1612,Madison County,Iowa,168600.00002134175
1613,Park County,Montana,210399.99999625958
1614,West Feliciana Parish,Louisiana,245700.00006106382
1615,Moniteau County,Missouri,113600.00005180456
1616,Macon County,Missouri,110199.99998293443
1617,Grayson County,Virginia,101200.0000111802
1618,Las Animas County,Colorado,154900.00005897207
1619,Gooding County,Idaho,156700.0000629712
1620,Burnett County,Wisconsin,136999.99994516218
1621,Alamosa County,Colorado,165500.00006227006
1622,Walthall County,Mississippi,110999.9999867736
1623,Massac County,Illinois,57199.99999696954
1624,Marquette County,Wisconsin,127400.00001677543
1625,Brown County,Indiana,177400.00000072518
1626,Nolan County,Texas,66200.0000150331
1627,Livingston County,Missouri,97700.0000318029
1628,Bourbon County,Kansas,73000.00002417219
1629,Mills County,Iowa,154199.9999990816
1630,Kingfisher County,Oklahoma,129499.99997925528
1631,Nelson County,Virginia,181300.00007082178
1632,Bayfield County,Wisconsin,134199.99994023025
1633,Calhoun County,Mississippi,76500.00000648305
1634,Oglethorpe County,Georgia,146200.00006064455
1635,LaSalle Parish,Louisiana,77599.99996717274
1636,Grand County,Colorado,317899.9999184175
1637,Karnes County,Texas,83300.00002661342
1638,San Juan County,Utah,206100.00010134422
1639,Crockett County,Tennessee,72000.00001425743
1640,Long County,Georgia,159299.99993240138
1641,Newton County,Texas,97600.00002839272
1642,Greene County,Mississippi,106099.99996332718
1643,O Brien County,Iowa,100399.99997611452
1644,Bienville Parish,Louisiana,60100.000004043424
1645,Trigg County,Kentucky,101200.00004575045
1646,Allamakee County,Iowa,115199.99997651976
1647,Newton County,Indiana,102000.0000139012
1648,Sequatchie County,Tennessee,102999.99998115854
1649,Ford County,Illinois,79299.99996540739
1650,Jackson County,Texas,130800.0000433223
1651,Crawford County,Michigan,76699.99996981544
1652,Williamsburg City,Virginia,255000.00007277398
1653,Clarke County,Virginia,306699.99991785985
1654,Cedar County,Missouri,110400.00001467108
1655,Swain County,North Carolina,140700.00005707375
1656,Lamb County,Texas,38900.00000276166
1657,Comanche County,Texas,67400.00001949587
1658,Cass County,Iowa,88800.00003493771
1659,Pennington County,Minnesota,138600.00002580765
1660,Summers County,West Virginia,63799.999989426404
1661,Jasper County,Georgia,127399.99999294672
1662,Osage County,Missouri,156099.99998750453
1663,Converse County,Wyoming,223800.000006692
1664,Dawson County,Texas,74899.99999732501
1665,Cannon County,Tennessee,131500.00001758747
1666,Trinity County,California,213099.99990227516
1667,Grundy County,Tennessee,70399.99998902412
1668,Madison County,Texas,101899.99999600914
1669,Kodiak Island Borough,Alaska,347599.9998368921
1670,Callahan County,Texas,107799.99995665677
1671,Wilbarger County,Texas,60500.00000554199
1672,Murray County,Oklahoma,76200.00002979979
1673,Ketchikan Gateway Borough,Alaska,277599.9999279112
1674,Jackson County,Kansas,89100.00000369053
1675,Pulaski County,Indiana,82600.00001247114
1676,Glacier County,Montana,131299.99995053766
1677,Presque Isle County,Michigan,83600.00001833931
1678,Allen County,Kansas,71099.99998731453
1679,Stewart County,Tennessee,101100.00000035166
1680,Koochiching County,Minnesota,84800.00002425564
1681,Madison County,Virginia,190500.00002980797
1682,Goshen County,Wyoming,156100.00000150097
1683,Fremont County,Idaho,197000.00005770972
1684,Desha County,Arkansas,41100.00000880715
1685,Morris County,Texas,71999.999992391
1686,Lawrence County,Mississippi,101199.99997514022
1687,Glades County,Florida,81899.99998647523
1688,Big Horn County,Montana,136500.00003652676
1689,Pike County,Indiana,64599.999994278965
1690,Franklin County,Idaho,211800.0000686074
1691,Blackford County,Indiana,65600.00002372767
1692,Shoshone County,Idaho,118699.9999949631
1693,Yalobusha County,Mississippi,77400.00001546115
1694,Jefferson Davis County,Mississippi,92200.0
1695,Chippewa County,Minnesota,79300.00000841061
1696,Camp County,Texas,106799.99995689858
1697,Stone County,Arkansas,96299.99999805061
1698,Falls Church City,Virginia,738899.9999516367
1699,Perry County,Mississippi,106699.99994740282
1700,Madison County,Missouri,81500.0000034388
1701,Lewis County,Tennessee,81699.99997414995
1702,Poquoson City,Virginia,291199.9998886007
1703,Madison Parish,Louisiana,46000.000004191344
1704,Archuleta County,Colorado,326399.9999445899
1705,Cherokee County,Iowa,90200.00003741098
1706,Sierra County,New Mexico,76200.00001096675
1707,Rio Grande County,Colorado,142799.99995278174
1708,Wabash County,Illinois,69399.99999692921
1709,Duval County,Texas,71300.00002774478
1710,Decatur County,Tennessee,67700.0000273113
1711,Meigs County,Tennessee,126700.0000118967
1712,Custer County,Montana,153800.0000611405
1713,Jackson County,Tennessee,78100.00000075907
1714,West Carroll Parish,Louisiana,81199.99999239063
1715,Franklin County,Florida,247099.99996911248
1716,Lake County,Michigan,57399.99998932093
1717,Live Oak County,Texas,131200.00003327263
1718,Owyhee County,Idaho,192300.00003539806
1719,Ramsey County,North Dakota,138300.00002235052
1720,Jefferson County,Montana,183099.999952172
1721,Lancaster County,Virginia,218399.9999153443
1722,Hancock County,Iowa,95499.99996864899
1723,Saint Helena Parish,Louisiana,82000.0000062715
1724,Essex County,Virginia,172799.99997536925
1725,Walsh County,North Dakota,81499.999996142
1726,Barnes County,North Dakota,132499.999987547
1727,Skamania County,Washington,308899.99987520033
1728,Boundary County,Idaho,223299.999928568
1729,Middlesex County,Virginia,228600.00006035267
1730,Montgomery County,Mississippi,72699.99999979693
1731,Rains County,Texas,112499.99998834923
1732,Oregon County,Missouri,64300.00001733623
1733,Lake County,Minnesota,169000.0000327157
1734,Owen County,Kentucky,115200.00002349896
1735,Clay County,Texas,97099.99999304442
1736,Montgomery County,Iowa,72299.99997283917
1737,Crawford County,Indiana,72500.00002400663
1738,Ward County,Texas,95800.00002059425
1739,Switzerland County,Indiana,86599.99997801837
1740,Franklin County,Texas,146600.00006173612
1741,Carroll County,Mississippi,106599.9999863101
1742,Clay County,North Carolina,147400.00005037946
1743,Marion County,Texas,106700.00002662728
1744,Blanco County,Texas,302999.99987898907
1745,Towns County,Georgia,190699.99996470194
1746,Lee County,Arkansas,33999.999996950675
1747,Catahoula Parish,Louisiana,71299.99999936983
1748,Martin County,Indiana,78099.99998813901
1749,Parmer County,Texas,91800.0
1750,Webster County,Mississippi,90999.99998277283
1751,Juab County,Utah,179300.00001108367
1752,Ochiltree County,Texas,107299.99999376392
1753,Nemaha County,Kansas,94900.00003482928
1754,Nantucket County,Massachusetts,1506800.000151243
1755,Teton County,Idaho,328600.00010996085
1756,Ralls County,Missouri,116899.99997516631
1757,Howard County,Missouri,121900.00001494198
1758,Marshall County,Kansas,72700.0
1759,Rice County,Kansas,53500.00001680879
1760,Carbon County,Montana,204400.00008313244
1761,Brown County,Kansas,71399.99998099839
1762,Valley County,Idaho,291399.99988273677
1763,Saint Clair County,Missouri,113199.99999847155
1764,Montmorency County,Michigan,75400.00003094849
1765,Richland County,Montana,219300.00001228318
1766,Pratt County,Kansas,73999.99996448
1767,Linn County,Kansas,69899.99998947453
1768,Stephens County,Texas,75399.99999379058
1769,Morgan County,Utah,375700.0001028899
1770,Caldwell County,Missouri,95100.00003331971
1771,Mitchell County,Texas,68000.00001912798
1772,Deer Lodge County,Montana,118200.00002861985
1773,Carroll County,Missouri,66099.99999121815
1774,Benewah County,Idaho,176399.99995424438
1775,Rosebud County,Montana,140299.9999824625
1776,Brewster County,Texas,191700.00003961925
1777,Stillwater County,Montana,190800.00001748922
1778,Clear Creek County,Colorado,319299.9999827959
1779,Archer County,Texas,135100.000006755
1780,Greene County,Alabama,78599.999995808
1781,Jack County,Texas,67599.99999517143
1782,Dawson County,Montana,165899.99996101446
1783,McLean County,North Dakota,170599.99999797987
1784,Sitka Borough,Alaska,398600.00000191125
1785,Benton County,Indiana,68800.0000125726
1786,Clearwater County,Idaho,139700.00005876337
1787,Platte County,Wyoming,184700.00003475754
1788,Johnson County,Wyoming,239299.99998587833
1789,Choctaw County,Mississippi,84400.0000130316
1790,Clay County,Kansas,84400.00000686767
1791,Washakie County,Wyoming,171099.999986168
1792,Somervell County,Texas,235499.99992640625
1793,Daviess County,Missouri,120799.99996240549
1794,Traill County,North Dakota,126400.00001944616
1795,Franklin County,Mississippi,113299.99999248673
1796,Anderson County,Kansas,59500.00000970109
1797,Doniphan County,Kansas,78499.99997363806
1798,Lemhi County,Idaho,203500.0000358051
1799,Thomas County,Kansas,125099.99996734115
1800,Yoakum County,Texas,104000.00003224806
1801,Trousdale County,Tennessee,128499.99996176641
1802,Grant County,Kansas,120000.0
1803,Power County,Idaho,161200.00004954395
1804,East Carroll Parish,Louisiana,43699.999982599096
1805,Madison County,Montana,208900.00004017685
1806,Mountrail County,North Dakota,198200.00005817405
1807,Ferry County,Washington,156799.99994926024
1808,Union County,Indiana,77800.00001104067
1809,Pembina County,North Dakota,83700.00001160504
1810,Refugio County,Texas,77200.00000296567
1811,Valley County,Montana,151299.9999591888
1812,San Miguel County,Colorado,630099.9998433207
1813,Hutchinson County,South Dakota,266100.0000453907
1814,Lake County,Colorado,220299.99994659124
1815,Goliad County,Texas,165599.9999550915
1816,Weston County,Wyoming,145699.99993170315
1817,Bailey County,Texas,73699.99999707539
1818,Clark County,Missouri,78499.99997199762
1819,Kane County,Utah,206599.99999847903
1820,Wabaunsee County,Kansas,116800.00004349418
1821,Boise County,Idaho,207899.99999930555
1822,Pawnee County,Kansas,63899.99997505028
1823,Russell County,Kansas,57200.000003389636
1824,Caribou County,Idaho,158399.9999551929
1825,Talbot County,Georgia,90200.00003483698
1826,Gentry County,Missouri,69699.99999466412
1827,Sullivan County,Missouri,21500.0
1828,Greenwood County,Kansas,39500.000014753015
1829,Clay County,Nebraska,72600.00000345714
1830,Ellsworth County,Kansas,80000.0
1831,Blaine County,Montana,143100.00000838243
1832,Garza County,Texas,50699.99997914115
1833,Floyd County,Texas,59500.00002938272
1834,Bottineau County,North Dakota,140600.0000541184
1835,Shelby County,Missouri,71099.99998712362
1836,Mitchell County,Kansas,76199.9999968042
1837,Carson County,Texas,86300.0000199453
1838,Pondera County,Montana,162200.00004437842
1839,Ottawa County,Kansas,85700.00002512567
1840,Teton County,Montana,150899.99993532855
1841,Hartley County,Texas,204700.00002864402
1842,Gray County,Kansas,114600.0000349733
1843,Lynn County,Texas,70600.00001526487
1844,Haskell County,Texas,57900.000020918706
1845,Chouteau County,Montana,167000.00006596048
1846,Washington County,Kansas,65100.00002016901
1847,Stevens County,Kansas,109400.00001718212
1848,Norton County,Kansas,61100.0
1849,Phillips County,Kansas,56099.99998908054
1850,Beaver County,Oklahoma,94000.00000689909
1851,Hansford County,Texas,95899.99999434716
1852,Broadwater County,Montana,172899.99998594384
1853,Ransom County,North Dakota,117100.0
1854,McHenry County,North Dakota,120100.00002431776
1855,Toole County,Montana,140200.0000399146
1856,Dickey County,North Dakota,84000.00001191489
1857,Rooks County,Kansas,60800.00000961582
1858,Garfield County,Utah,173199.99992871768
1859,Kingsbury County,South Dakota,156199.99993977576
1860,Morrill County,Nebraska,76399.99997058396
1861,Republic County,Kansas,50800.000006425296
1862,Putnam County,Missouri,91099.99998260131
1863,Scott County,Kansas,94199.99998818747
1864,Hidalgo County,New Mexico,110899.99997407015
1865,Barber County,Kansas,48700.0
1866,Hot Springs County,Wyoming,148200.00003522006
1867,Guadalupe County,New Mexico,95299.99999131974
1868,Kimble County,Texas,107999.99997606648
1869,Meade County,Kansas,65299.99997736714
1870,Union County,New Mexico,117900.00001985361
1871,Musselshell County,Montana,125699.99999350517
1872,Ouray County,Colorado,402699.9999482243
1873,Oneida County,Idaho,152399.99998158094
1874,Haskell County,Kansas,102100.0
1875,Mineral County,Montana,146400.00004533146
1876,Kearny County,Kansas,110700.00004392386
1877,Adams County,Idaho,245299.9999986255
1878,Osborne County,Kansas,44700.0
1879,Smith County,Kansas,49700.0000004408
1880,Lewis County,Idaho,128899.99994472865
1881,Mercer County,Missouri,70700.00001108432
1882,Baylor County,Texas,59099.999977662206
1883,Sweet Grass County,Montana,195799.99994426806
1884,Kinney County,Texas,65299.999980788256
1885,Emmons County,North Dakota,68700.00000787889
1886,Sheridan County,Montana,146499.99995805725
1887,Shackelford County,Texas,85199.99998643185
1888,Hall County,Texas,52499.99999003795
1889,Foster County,North Dakota,134099.99997918447
1890,Real County,Texas,101600.00001360968
1891,Woodson County,Kansas,47499.9999951232
1892,Rush County,Kansas,45900.00000250039
1893,Lincoln County,Kansas,48800.00001686914
1894,Morton County,Kansas,87499.99996237099
1895,Ness County,Kansas,60699.999972154124
1896,Granite County,Montana,179700.0000146755
1897,Jewell County,Kansas,44699.99997915336
1898,Edwards County,Kansas,40300.00000626889
1899,Trego County,Kansas,67600.00000400592
1900,Decatur County,Kansas,58700.00002864881
1901,Elk County,Kansas,34200.000007356975
1902,Chase County,Kansas,59200.0
1903,Gove County,Kansas,70700.0
1904,Hamilton County,Kansas,93100.00004032996
1905,Graham County,Kansas,62000.00001397745
1906,Kiowa County,Kansas,88399.99998595234
1907,Renville County,North Dakota,129699.99995929282
1908,Dickens County,Texas,53200.00001268082
1909,Clark County,Kansas,54400.00001597065
1910,Judith Basin County,Montana,168899.9999940288
1911,Hodgeman County,Kansas,63899.999970908946
1912,Armstrong County,Texas,84899.99997436981
1913,Comanche County,Kansas,38400.0
1914,Daniels County,Montana,151300.0000197478
1915,Lane County,Kansas,61499.99998397394
1916,Irion County,Texas,124200.00000781888
1917,Prairie County,Montana,108499.99999850137
