,County,State,Price_2018
0,Los Angeles County,California,595599.9999
1,Cook County,Illinois,216800
2,Harris County,Texas,178300
3,Maricopa County,Arizona,253100
4,San Diego County,California,572100
5,Orange County,California,701600
6,Kings County,New York,761799.9999
7,Miami-Dade County,Florida,284199.9999
8,Dallas County,Texas,186200
9,Queens County,New York,608000
10,Riverside County,California,362700.0001
11,San Bernardino County,California,327700
12,Clark County,Nevada,249800
13,King County,Washington,617599.9998
14,Wayne County,Michigan,67199.99999
15,Tarrant County,Texas,192999.9999
16,Santa Clara County,California,1185700.001
17,Broward County,Florida,244200
18,Bexar County,Texas,169499.9999
19,New York County,New York,1302200
20,Philadelphia County,Pennsylvania,141900
21,Alameda County,California,838300.0004
22,Middlesex County,Massachusetts,519099.9999
23,Suffolk County,New York,378700.0002
24,Sacramento County,California,353099.9999
25,Bronx County,New York,384200.0002
26,Nassau County,New York,504000
27,Palm Beach County,Florida,260000
28,Cuyahoga County,Ohio,122700
29,Hillsborough County,Florida,206200
30,Allegheny County,Pennsylvania,143300
31,Oakland County,Michigan,233400
32,Franklin County,Ohio,167200
33,Hennepin County,Minnesota,266499.9999
34,Orange County,Florida,227099.9999
35,Fairfax County,Virginia,528399.9998
36,Contra Costa County,California,592600.0002
37,Salt Lake County,Utah,328699.9999
38,Travis County,Texas,322200
39,Saint Louis County,Missouri,178300
40,Pima County,Arizona,191500.0001
41,Montgomery County,Maryland,437400.0002
42,Honolulu County,Hawaii,666900.0001
43,Westchester County,New York,601699.9998
44,Milwaukee County,Wisconsin,151400
45,Fresno County,California,235300
46,Shelby County,Tennessee,120100
47,Fulton County,Georgia,254699.9999
48,Mecklenburg County,North Carolina,221300
49,Erie County,New York,155699.9999
50,DuPage County,Illinois,282700.0001
51,Fairfield County,Connecticut,330999.9999
52,Pinellas County,Florida,210099.9999
53,Bergen County,New Jersey,458399.9999
54,Marion County,Indiana,123699.9999
55,Wake County,North Carolina,273199.9999
56,Hartford County,Connecticut,225000
57,Duval County,Florida,167100.0001
58,Prince Georges County,Maryland,281500
59,New Haven County,Connecticut,210600
60,Macomb County,Michigan,160400
61,Kern County,California,202900
62,Ventura County,California,581100.0001
63,Middlesex County,New Jersey,307799.9999
64,Gwinnett County,Georgia,210000
65,San Francisco County,California,1302800
66,Baltimore County,Maryland,232400
67,Hamilton County,Ohio,137500
68,El Paso County,Texas,119000
69,Montgomery County,Pennsylvania,294699.9999
70,Worcester County,Massachusetts,267000.0001
71,Pierce County,Washington,316800
72,Essex County,New Jersey,368100
73,Collin County,Texas,319000.0002
74,Hidalgo County,Texas,93399.99997
75,Monroe County,New York,148200
76,Essex County,Massachusetts,418599.9999
77,Jefferson County,Kentucky,152300
78,Multnomah County,Oregon,400600.0002
79,Suffolk County,Massachusetts,526699.9998
80,Oklahoma County,Oklahoma,129900
81,San Mateo County,California,1310900
82,Snohomish County,Washington,437600
83,Lake County,Illinois,232800.0001
84,Dekalb County,Georgia,176400
85,Cobb County,Georgia,234200.0001
86,San Joaquin County,California,339700
87,Will County,Illinois,212900.0001
88,Jackson County,Missouri,129200
89,Norfolk County,Massachusetts,473699.9999
90,Denton County,Texas,273699.9999
91,Bernalillo County,New Mexico,189700.0001
92,Jefferson County,Alabama,109000
93,Hudson County,New Jersey,409099.9999
94,Monmouth County,New Jersey,403999.9999
95,Davidson County,Tennessee,246599.9999
96,Providence County,Rhode Island,241300
97,Bucks County,Pennsylvania,317600.0002
98,El Paso County,Colorado,268199.9999
99,Baltimore City,Maryland,103000
100,Lee County,Florida,223699.9999
101,Tulsa County,Oklahoma,137100
102,Kent County,Michigan,177100.0001
103,Polk County,Florida,162100
104,District of Columbia,District of Columbia,551899.9999
105,Denver County,Colorado,399299.9999
106,Fort Bend County,Texas,250200
107,Ocean County,New Jersey,271900.0001
108,Arapahoe County,Colorado,359599.9999
109,Delaware County,Pennsylvania,203600
110,Bristol County,Massachusetts,296200
111,Johnson County,Kansas,266100.0001
112,Brevard County,Florida,194700.0001
113,Summit County,Ohio,127600
114,New Castle County,Delaware,245499.9999
115,Anne Arundel County,Maryland,332299.9998
116,Union County,New Jersey,332000.0001
117,Montgomery County,Ohio,97000
118,Jefferson County,Colorado,403299.9998
119,Washington County,Oregon,392300.0002
120,Lancaster County,Pennsylvania,196000
121,Douglas County,Nebraska,160100
122,Utah County,Utah,306300
123,Kane County,Illinois,221100
124,Stanislaus County,California,291399.9999
125,Camden County,New Jersey,164000
126,Ramsey County,Minnesota,232999.9999
127,Passaic County,New Jersey,317200
128,Chester County,Pennsylvania,335599.9999
129,Sedgwick County,Kansas,128800
130,Lake County,Indiana,135900
131,Plymouth County,Massachusetts,367700.0001
132,Volusia County,Florida,182799.9999
133,Morris County,New Jersey,427600.0002
134,Guilford County,North Carolina,137600
135,Dane County,Wisconsin,258900.0001
136,Sonoma County,California,622200
137,Spokane County,Washington,218100
138,Richmond County,New York,495000
139,Onondaga County,New York,134100
140,Pasco County,Florida,168700
141,Hampden County,Massachusetts,194900
142,Montgomery County,Texas,234199.9999
143,Greenville County,South Carolina,180900
144,Burlington County,New Jersey,218900
145,Tulare County,California,193100
146,Lucas County,Ohio,92900
147,Adams County,Colorado,317899.9999
148,East Baton Rouge Parish,Louisiana,159300
149,Virginia Beach City,Virginia,257000.0001
150,York County,Pennsylvania,172100
151,Jefferson Parish,Louisiana,164500
152,Knox County,Tennessee,168399.9999
153,Polk County,Iowa,173500
154,Genesee County,Michigan,96599.99999
155,Clark County,Washington,330500.0002
156,Santa Barbara County,California,578399.9999
157,Seminole County,Florida,234700.0001
158,Williamson County,Texas,261200
159,Washoe County,Nevada,334800
160,Monterey County,California,527899.9998
161,Solano County,California,412600
162,Mobile County,Alabama,111300
163,Berks County,Pennsylvania,168500
164,Cameron County,Texas,87600.00002
165,Prince William County,Virginia,356800
166,Hillsborough County,New Hampshire,266900.0001
167,Dakota County,Minnesota,263399.9999
168,Ada County,Idaho,259800
169,Waukesha County,Wisconsin,273600.0001
170,Richland County,South Carolina,133000
171,Pulaski County,Arkansas,127700
172,Sarasota County,Florida,245500.0001
173,Clackamas County,Oregon,413199.9999
174,Pinal County,Arizona,190400
175,Stark County,Ohio,118000
176,Orange County,New York,235400
177,Butler County,Ohio,160000
178,Mercer County,New Jersey,226599.9999
179,Westmoreland County,Pennsylvania,124700
180,Saint Charles County,Missouri,216600
181,Allen County,Indiana,125000
182,Lane County,Oregon,269399.9999
183,Forsyth County,North Carolina,137800
184,Charleston County,South Carolina,315399.9999
185,Lehigh County,Pennsylvania,186100.0001
186,Placer County,California,463899.9999
187,Washtenaw County,Michigan,262300
188,Orleans Parish,Louisiana,183300
189,Nueces County,Texas,144400
190,Hamilton County,Tennessee,160400
191,Madison County,Alabama,153300
192,Marion County,Florida,136200
193,Anoka County,Minnesota,233999.9999
194,Somerset County,New Jersey,392499.9998
195,Manatee County,Florida,246700.0001
196,Collier County,Florida,327100
197,Luzerne County,Pennsylvania,92600.00003
198,Cumberland County,North Carolina,104900
199,Saint Louis City,Missouri,118400
200,Chesterfield County,Virginia,228800.0001
201,Marion County,Oregon,245099.9999
202,Brazoria County,Texas,205899.9999
203,Loudoun County,Virginia,481900.0001
204,Rockland County,New York,440000.0002
205,Bell County,Texas,130100
206,McHenry County,Illinois,202100
207,Henrico County,Virginia,222400
208,Davis County,Utah,292799.9999
209,Albany County,New York,223200
210,Lorain County,Ohio,133100.0001
211,Larimer County,Colorado,358000
212,Northampton County,Pennsylvania,197600.0001
213,Escambia County,Florida,136300
214,Dutchess County,New York,256899.9999
215,Lake County,Florida,196500
216,Fayette County,Kentucky,172600
217,Winnebago County,Illinois,103200
218,Rockingham County,New Hampshire,327500.0001
219,Boulder County,Colorado,507699.9999
220,Anchorage Borough,Alaska,339300
221,Galveston County,Texas,195099.9999
222,Gloucester County,New Jersey,192400
223,Howard County,Maryland,432700.0001
224,Douglas County,Colorado,469400
225,Lancaster County,Nebraska,171100
226,Spartanburg County,South Carolina,131499.9999
227,Cumberland County,Maine,278900
228,Ingham County,Michigan,122200
229,Erie County,Pennsylvania,116900
230,Lubbock County,Texas,130300
231,Saint Lucie County,Florida,196000.0001
232,Leon County,Florida,167800
233,Greene County,Missouri,130100.0001
234,Hamilton County,Indiana,249499.9999
235,Atlantic County,New Jersey,172000
236,New London County,Connecticut,229900
237,Saint Clair County,Illinois,93799.99998
238,San Luis Obispo County,California,582400.0001
239,Horry County,South Carolina,166600.0001
240,Madison County,Illinois,112800
241,Osceola County,Florida,193500
242,Dauphin County,Pennsylvania,151500
243,Durham County,North Carolina,205300
244,Chatham County,Georgia,158999.9999
245,Ottawa County,Michigan,193100
246,Rutherford County,Tennessee,212600
247,Lexington County,South Carolina,135499.9999
248,Santa Cruz County,California,813199.9996
249,Clayton County,Georgia,92099.99999
250,Merced County,California,243600
251,Cleveland County,Oklahoma,156800.0001
252,Weld County,Colorado,298699.9999
253,Marin County,California,1073600
254,Jefferson County,Texas,93999.99999
255,Thurston County,Washington,288000
256,Kitsap County,Washington,337800.0001
257,Kalamazoo County,Michigan,144600
258,Webb County,Texas,132000
259,Brown County,Wisconsin,165200
260,Alachua County,Florida,170500
261,Harford County,Maryland,266800.0001
262,Yakima County,Washington,187800
263,Norfolk City,Virginia,181100
264,Mahoning County,Ohio,80099.99999
265,Buncombe County,North Carolina,272800
266,Washington County,Minnesota,280200.0001
267,Cumberland County,Pennsylvania,191300
268,McLennan County,Texas,137500
269,Oneida County,New York,118900
270,Saint Tammany Parish,Louisiana,189000
271,Frederick County,Maryland,303100.0001
272,Weber County,Utah,231400
273,Lake County,Ohio,140500.0001
274,Montgomery County,Alabama,82299.99999
275,York County,South Carolina,180200
276,Chesapeake City,Virginia,254400
277,Clay County,Missouri,173200
278,Lafayette Parish,Louisiana,164300
279,Benton County,Arkansas,167400
280,Butte County,California,271300
281,Saratoga County,New York,261099.9999
282,Jefferson County,Missouri,161200
283,Niagara County,New York,131299.9999
284,Barnstable County,Massachusetts,398800.0002
285,Lackawanna County,Pennsylvania,118600
286,Cherokee County,Georgia,233900
287,Warren County,Ohio,209299.9999
288,Linn County,Iowa,141100.0001
289,Yavapai County,Arizona,279799.9999
290,Trumbull County,Ohio,79300.00002
291,Smith County,Texas,145400
292,Dona Ana County,New Mexico,162099.9999
293,Washington County,Pennsylvania,137500
294,Arlington County,Virginia,651300
295,Gaston County,North Carolina,134100
296,Richmond City,Virginia,200900.0001
297,Henry County,Georgia,162900
298,Jackson County,Oregon,287799.9999
299,Washington County,Arkansas,168500.0001
300,New Hanover County,North Carolina,221900.0001
301,Union County,North Carolina,210900
302,Whatcom County,Washington,354100.0002
303,Champaign County,Illinois,133900
304,Yolo County,California,419100.0001
305,Broome County,New York,102100
306,Saint Louis County,Minnesota,138600
307,Mohave County,Arizona,191100
308,Saginaw County,Michigan,103300
309,Elkhart County,Indiana,141500
310,Sangamon County,Illinois,119000
311,Clermont County,Ohio,162500
312,Sussex County,Delaware,268000.0001
313,York County,Maine,270399.9999
314,Yuma County,Arizona,140600
315,Racine County,Wisconsin,208000
316,Shelby County,Alabama,203400
317,Brazos County,Texas,199099.9999
318,Tuscaloosa County,Alabama,141600
319,Kanawha County,West Virginia,98900.00001
320,Calcasieu Parish,Louisiana,144999.9999
321,Clay County,Florida,192200.0001
322,Saint Johns County,Florida,297300
323,Litchfield County,Connecticut,261399.9999
324,Muscogee County,Georgia,88399.99999
325,Canyon County,Idaho,186400.0001
326,Anderson County,South Carolina,137500
327,Harrison County,Mississippi,108200
328,Peoria County,Illinois,94399.99996
329,Hawaii County,Hawaii,333900
330,Williamson County,Tennessee,440800.0001
331,Ulster County,New York,208400.0001
332,Baldwin County,Alabama,183000.0001
333,El Dorado County,California,450800.0001
334,Livingston County,Michigan,247499.9999
335,Okaloosa County,Florida,206599.9999
336,Newport News City,Virginia,172299.9999
337,Vanderburgh County,Indiana,112300
338,Hall County,Georgia,176200
339,Cabarrus County,North Carolina,179500
340,Shawnee County,Kansas,114400
341,Berkeley County,South Carolina,185300
342,Onslow County,North Carolina,135200
343,Shasta County,California,245100
344,Outagamie County,Wisconsin,158700.0001
345,Forsyth County,Georgia,320300.0001
346,Benton County,Washington,251399.9999
347,Imperial County,California,192300
348,Tippecanoe County,Indiana,146099.9999
349,Hernando County,Florida,148900.0001
350,Medina County,Ohio,187600
351,Montgomery County,Tennessee,149000.0001
352,Muskegon County,Michigan,114200
353,Beaver County,Pennsylvania,131000
354,Monroe County,Pennsylvania,137200
355,McLean County,Illinois,146400
356,Minnehaha County,South Dakota,182700
357,Johnston County,North Carolina,165299.9999
358,Bay County,Florida,191000
359,Carroll County,Maryland,309500.0001
360,Winnebago County,Wisconsin,170800.0001
361,Kenosha County,Wisconsin,167300.0001
362,Kent County,Rhode Island,229299.9999
363,Middlesex County,Connecticut,290600.0001
364,Scott County,Iowa,153000.0001
365,Porter County,Indiana,188500.0001
366,Saint Clair County,Michigan,132100.0001
367,Davidson County,North Carolina,125200
368,Boone County,Missouri,167800
369,Kent County,Delaware,195399.9999
370,Beaufort County,South Carolina,294900
371,Portage County,Ohio,151700.0001
372,DeSoto County,Mississippi,159599.9999
373,Sumner County,Tennessee,223800
374,Jackson County,Michigan,121800
375,Aiken County,South Carolina,99599.99999
376,Charlotte County,Florida,189200
377,Kenton County,Kentucky,143000
378,Iredell County,North Carolina,182800
379,Rensselaer County,New York,178000
380,Pueblo County,Colorado,144600.0001
381,Sarpy County,Nebraska,190500.0001
382,Hampshire County,Massachusetts,259300.0001
383,Deschutes County,Oregon,353099.9998
384,Wyandotte County,Kansas,93799.99998
385,Hays County,Texas,250600
386,Cumberland County,New Jersey,133399.9999
387,Sullivan County,Tennessee,121500
388,Berrien County,Michigan,129200.0001
389,Chittenden County,Vermont,315400
390,Bibb County,Georgia,84400.00001
391,Maui County,Hawaii,599600.0003
392,Schenectady County,New York,164300
393,Catawba County,North Carolina,126400
394,Penobscot County,Maine,141400.0001
395,Ouachita Parish,Louisiana,110300
396,Kings County,California,198700.0001
397,Tolland County,Connecticut,209699.9999
398,Monroe County,Michigan,146700
399,Santa Rosa County,Florida,191000
400,Alamance County,North Carolina,135700
401,Johnson County,Texas,173099.9999
402,Madera County,California,228200.0001
403,Stearns County,Minnesota,175200.0001
404,Cass County,North Dakota,223800
405,Franklin County,Pennsylvania,164500.0001
406,Ellis County,Texas,198900
407,Sussex County,New Jersey,217600.0001
408,Schuylkill County,Pennsylvania,65100.00002
409,Yellowstone County,Montana,216100.0001
410,Rock Island County,Illinois,91800.00001
411,Washington County,Maryland,177299.9999
412,Mesa County,Colorado,217399.9999
413,Charles County,Maryland,285500
414,Merrimack County,New Hampshire,236099.9999
415,Martin County,Florida,257299.9999
416,Fairfield County,Ohio,170700.0001
417,Hendricks County,Indiana,176800
418,Olmsted County,Minnesota,208800
419,Santa Fe County,New Mexico,315800.0001
420,Cambria County,Pennsylvania,75199.99999
421,Randolph County,North Carolina,122400
422,Rankin County,Mississippi,164099.9999
423,Citrus County,Florida,140699.9999
424,Lee County,Alabama,178600
425,Houston County,Georgia,123499.9999
426,Jackson County,Mississippi,109800
427,Johnson County,Indiana,153999.9999
428,Kootenai County,Idaho,272100.0001
429,Rowan County,North Carolina,124500
430,Clark County,Ohio,100200
431,Washington County,Utah,268700
432,Indian River County,Florida,203700
433,Monroe County,Indiana,164300
434,Hampton City,Virginia,152199.9999
435,Ector County,Texas,143300
436,Florence County,South Carolina,119600
437,Midland County,Texas,210100
438,Fayette County,Pennsylvania,86399.99999
439,Dorchester County,South Carolina,196200.0001
440,Napa County,California,639199.9999
441,Calhoun County,Michigan,87999.99998
442,Tazewell County,Illinois,117100
443,Chautauqua County,New York,80600.00003
444,Humboldt County,California,277999.9999
445,Coconino County,Arizona,333699.9999
446,Robeson County,North Carolina,67499.99999
447,Marathon County,Wisconsin,135900
448,Orange County,North Carolina,278799.9999
449,Lebanon County,Pennsylvania,166300.0001
450,Douglas County,Georgia,147500
451,Washington County,Wisconsin,231400
452,Madison County,Indiana,80799.99997
453,Rapides Parish,Louisiana,108100
454,Sandoval County,New Mexico,191900
455,Guadalupe County,Texas,213799.9999
456,Taylor County,Texas,125000
457,Wichita County,Texas,83900.00003
458,Cochise County,Arizona,129300
459,Berkshire County,Massachusetts,195200
460,Black Hawk County,Iowa,133099.9999
461,Johnson County,Iowa,211399.9999
462,Scott County,Minnesota,272600.0001
463,Stafford County,Virginia,320700.0001
464,Hunterdon County,New Jersey,373600.0001
465,Livingston Parish,Louisiana,152900
466,Coweta County,Georgia,193100
467,Blair County,Pennsylvania,117900
468,Washington County,Rhode Island,353099.9999
469,Sebastian County,Arkansas,107700
470,Wood County,Ohio,136800
471,Wright County,Minnesota,231900
472,Richland County,Ohio,93400
473,Comanche County,Oklahoma,85099.99999
474,Columbia County,Georgia,185200
475,Strafford County,New Hampshire,233500
476,Blount County,Tennessee,172400
477,Washington County,Tennessee,144500
478,Wayne County,North Carolina,84399.99998
479,Spotsylvania County,Virginia,264600.0001
480,Kennebec County,Maine,145900
481,Oswego County,New York,98800.00004
482,Tangipahoa Parish,Louisiana,126500
483,Randall County,Texas,164700
484,Pickens County,South Carolina,144300.0001
485,Boone County,Kentucky,181900.0001
486,Windham County,Connecticut,165900
487,Delaware County,Indiana,82600.00002
488,Jasper County,Missouri,100000
489,Bossier Parish,Louisiana,165500
490,Parker County,Texas,260900
491,Skagit County,Washington,319499.9999
492,Clarke County,Georgia,157900
493,Linn County,Oregon,221700.0001
494,Mercer County,Pennsylvania,101000
495,Jefferson County,New York,134100.0001
496,Lycoming County,Pennsylvania,141100
497,Canadian County,Oklahoma,159100
498,Kendall County,Illinois,227299.9999
499,Harnett County,North Carolina,153900.0001
500,La Crosse County,Wisconsin,165700.0001
501,Wayne County,Ohio,135500
502,Wilson County,Tennessee,264600
503,La Salle County,Illinois,92799.99996
504,Warren County,Kentucky,170500.0001
505,Kankakee County,Illinois,114100
506,Faulkner County,Arkansas,141900.0001
507,Cache County,Utah,224299.9999
508,Saint Lawrence County,New York,76699.99998
509,Terrebonne Parish,Louisiana,142000
510,La Porte County,Indiana,129100
511,Allegan County,Michigan,164300
512,Douglas County,Kansas,192300
513,Macon County,Illinois,71900
514,Carroll County,Georgia,133400
515,Tom Green County,Texas,138700
516,Missoula County,Montana,280500.0001
517,Lowndes County,Georgia,121200
518,Warren County,New Jersey,223400
519,Comal County,Texas,289200.0001
520,Ontario County,New York,159300
521,Vigo County,Indiana,81800.00001
522,Columbiana County,Ohio,79000
523,Bay County,Michigan,85600.00004
524,Eaton County,Michigan,144300
525,Androscoggin County,Maine,158200
526,Douglas County,Oregon,177500
527,Sumter County,South Carolina,60799.99999
528,Navajo County,Arizona,177400
529,Brunswick County,North Carolina,221800.0001
530,Ascension Parish,Louisiana,200500
531,Saline County,Arkansas,156299.9999
532,Henderson County,North Carolina,230699.9999
533,Fayette County,Georgia,261100
534,Allen County,Ohio,90099.99998
535,Hardin County,Kentucky,141800
536,DeKalb County,Illinois,156900
537,Saint Marys County,Maryland,270500
538,Etowah County,Alabama,91300
539,Bonneville County,Idaho,179899.9999
540,Craven County,North Carolina,139700
541,Kaufman County,Texas,188900
542,Whitfield County,Georgia,115200
543,Miami County,Ohio,129700
544,Cowlitz County,Washington,205500
545,Walworth County,Wisconsin,194900.0001
546,Woodbury County,Iowa,108600
547,Fond du Lac County,Wisconsin,135600
548,Tompkins County,New York,204399.9999
549,Houston County,Alabama,128400
550,Ashtabula County,Ohio,87200.00003
551,Franklin County,Missouri,145900
552,Adams County,Pennsylvania,183200.0001
553,Cecil County,Maryland,214299.9999
554,Pennington County,South Dakota,202000
555,Bartow County,Georgia,149900
556,Newton County,Georgia,135000
557,Lenawee County,Michigan,119200
558,Hanover County,Virginia,263399.9999
559,Putnam County,New York,333400
560,Cass County,Missouri,178800
561,Yamhill County,Oregon,296700
562,Steuben County,New York,94400.00001
563,Albemarle County,Virginia,308500
564,Bradley County,Tennessee,138100
565,Highlands County,Florida,121900
566,Nevada County,California,428499.9999
567,Eau Claire County,Wisconsin,156100
568,Wicomico County,Maryland,141999.9999
569,Madison County,Tennessee,103500
570,Cleveland County,North Carolina,90500
571,Fairbanks North Star Borough,Alaska,249299.9999
572,Cape May County,New Jersey,325300.0001
573,Roanoke City,Virginia,113100
574,Daviess County,Kentucky,116400
575,Craighead County,Arkansas,120700
576,Cabell County,West Virginia,88400.00001
577,Lafourche Parish,Louisiana,123700
578,Floyd County,Georgia,118100
579,Monongalia County,West Virginia,182400.0001
580,Garland County,Arkansas,135800
581,Flagler County,Florida,207100
582,Portsmouth City,Virginia,145199.9999
583,Madison County,Mississippi,201100.0001
584,Sutter County,California,271899.9999
585,Dougherty County,Georgia,82900
586,Northumberland County,Pennsylvania,80000
587,Montgomery County,Virginia,203399.9999
588,Wayne County,New York,122800
589,Dubuque County,Iowa,155800
590,Rockingham County,North Carolina,61700.00002
591,Sumter County,Florida,243600
592,Geauga County,Ohio,219299.9999
593,Pottawattamie County,Iowa,123800
594,Lauderdale County,Alabama,111400
595,Orangeburg County,South Carolina,69899.99998
596,Roanoke County,Virginia,178999.9999
597,Laramie County,Wyoming,234100
598,Lawrence County,Pennsylvania,89400.00001
599,Carver County,Minnesota,316999.9999
600,Flathead County,Montana,263300
601,Campbell County,Kentucky,143400.0001
602,Sevier County,Tennessee,166600.0001
603,Story County,Iowa,172100
604,Gallatin County,Montana,355299.9999
605,Platte County,Missouri,216100
606,Buchanan County,Missouri,96900.00001
607,Grant County,Washington,161800
608,Grafton County,New Hampshire,193300.0001
609,Matanuska Susitna Borough,Alaska,251700.0001
610,Chemung County,New York,94500.00001
611,Crawford County,Pennsylvania,93199.99996
612,Dodge County,Wisconsin,147399.9999
613,Calvert County,Maryland,311600
614,Sherburne County,Minnesota,229899.9999
615,Lapeer County,Michigan,158199.9999
616,Moore County,North Carolina,199399.9999
617,Mendocino County,California,350000.0001
618,Grand Traverse County,Michigan,209500
619,Wood County,West Virginia,99099.99998
620,Rogers County,Oklahoma,153200
621,Ozaukee County,Wisconsin,268800.0001
622,Hunt County,Texas,98999.99999
623,Muskingum County,Ohio,103300
624,Benton County,Oregon,343700.0001
625,Rockdale County,Georgia,141300
626,Suffolk City,Virginia,226900.0001
627,Saint Croix County,Wisconsin,246099.9999
628,Walton County,Georgia,176800
629,Jefferson County,Wisconsin,179600
630,Midland County,Michigan,123499.9999
631,Saint Clair County,Alabama,159000.0001
632,Caldwell County,North Carolina,99799.99999
633,Madison County,Kentucky,151700
634,Lee County,Mississippi,125600
635,Newport County,Rhode Island,375199.9999
636,Bannock County,Idaho,153600
637,Limestone County,Alabama,142700
638,Howard County,Indiana,90099.99999
639,Josephine County,Oregon,264800
640,Talladega County,Alabama,91300.00003
641,Clinton County,New York,127300
642,Clearfield County,Pennsylvania,68400.00003
643,Vermilion County,Illinois,55100
644,Manitowoc County,Wisconsin,110600
645,Cascade County,Montana,185200
646,Burleigh County,North Dakota,267299.9999
647,Wilson County,North Carolina,123800
648,Maury County,Tennessee,179600
649,Cattaraugus County,New York,74300.00003
650,Cayuga County,New York,119200
651,Glynn County,Georgia,180000
652,Scioto County,Ohio,73599.99998
653,Elmore County,Alabama,154800.0001
654,Raleigh County,West Virginia,77900.00002
655,Henderson County,Texas,137799.9999
656,Island County,Washington,372199.9999
657,Rockwall County,Texas,268599.9999
658,Frederick County,Virginia,243300
659,Franklin County,Washington,218200
660,Ross County,Ohio,106500
661,Somerset County,Pennsylvania,89099.99998
662,Sullivan County,New York,141400
663,Christian County,Missouri,156100
664,Kosciusko County,Indiana,147500
665,Payne County,Oklahoma,145200
666,Twin Falls County,Idaho,176500
667,Cheshire County,New Hampshire,184900
668,Erie County,Ohio,119900
669,White County,Arkansas,104000
670,Bartholomew County,Indiana,138600
671,Lancaster County,South Carolina,157099.9999
672,Valencia County,New Mexico,135400
673,Rockingham County,Virginia,186900
674,Van Buren County,Michigan,122300
675,Leavenworth County,Kansas,165500.0001
676,Cole County,Missouri,151000
677,Umatilla County,Oregon,162600
678,Cape Girardeau County,Missouri,144100
679,Lynchburg City,Virginia,131700
680,Lewis County,Washington,199499.9999
681,Natrona County,Wyoming,199499.9999
682,Polk County,Oregon,277800.0001
683,Clinton County,Michigan,169300
684,Anderson County,Tennessee,129300
685,Allegany County,Maryland,81200
686,Forrest County,Mississippi,124500
687,Hancock County,Ohio,129099.9999
688,Wood County,Wisconsin,114800
689,Floyd County,Indiana,150200
690,Putnam County,Florida,90900.00003
691,Oconee County,South Carolina,148800
692,Bastrop County,Texas,175200
693,Christian County,Kentucky,102500
694,Augusta County,Virginia,202900
695,Surry County,North Carolina,105000
696,Madison County,New York,130000.0001
697,Nassau County,Florida,251100
698,Monroe County,Florida,518199.9999
699,Wagoner County,Oklahoma,134900
700,Grays Harbor County,Washington,161100
701,Chelan County,Washington,277500
702,Putnam County,Tennessee,139900
703,Yuba County,California,245099.9999
704,Apache County,Arizona,156000
705,McKinley County,New Mexico,134700
706,Clallam County,Washington,261200
707,Franklin County,Massachusetts,213299.9999
708,De Kalb County,Alabama,91199.99999
709,Muskogee County,Oklahoma,66800.00003
710,Bulloch County,Georgia,132500
711,Grant County,Indiana,71399.99999
712,Portage County,Wisconsin,160400
713,Hancock County,Indiana,163399.9999
714,Creek County,Oklahoma,97100
715,Greenwood County,South Carolina,99800.00002
716,Pottawatomie County,Oklahoma,82300.00002
717,Barrow County,Georgia,160000
718,Harrison County,West Virginia,90300
719,Armstrong County,Pennsylvania,92700.00002
720,Wayne County,Indiana,83600.00001
721,Morgan County,Indiana,149400
722,Greene County,Tennessee,90300.00003
723,Walker County,Georgia,96699.99997
724,Darlington County,South Carolina,66499.99998
725,Bedford County,Virginia,189100
726,Lonoke County,Arkansas,119000
727,Walker County,Texas,172199.9999
728,Rutherford County,North Carolina,113800
729,Jones County,Mississippi,101800
730,Columbia County,Florida,113200
731,Columbia County,Pennsylvania,126000
732,Adams County,Illinois,106200
733,Kauai County,Hawaii,521800
734,Marquette County,Michigan,143100
735,Troup County,Georgia,101400
736,Walker County,Alabama,80500.00001
737,James City County,Virginia,307699.9999
738,Grand Forks County,North Dakota,184200
739,Laurens County,South Carolina,96900.00003
740,Carteret County,North Carolina,239000
741,Klamath County,Oregon,156700
742,Williamson County,Illinois,91899.99999
743,Robertson County,Tennessee,179399.9999
744,Dallas County,Iowa,225800
745,Salem County,New Jersey,140600
746,Butler County,Kansas,118000
747,Warren County,New York,200499.9999
748,McCracken County,Kentucky,124800
749,York County,Virginia,292100.0001
750,Livingston County,New York,130500
751,Saint Francois County,Missouri,104700
752,Carbon County,Pennsylvania,139800
753,Fauquier County,Virginia,351600
754,San Patricio County,Texas,124900
755,Athens County,Ohio,133699.9999
756,Lake County,California,224700
757,Herkimer County,New York,96199.99997
758,Reno County,Kansas,89700.00002
759,Rice County,Minnesota,210800.0001
760,Spalding County,Georgia,99400.00002
761,Blue Earth County,Minnesota,184500
762,Catoosa County,Georgia,138000
763,Ionia County,Michigan,124100
764,Pittsylvania County,Virginia,95200.00004
765,Chatham County,North Carolina,269599.9999
766,Sampson County,North Carolina,102500
767,Lewis and Clark County,Montana,224100
768,Montcalm County,Michigan,85700.00002
769,Washington County,New York,143900
770,Columbia County,New York,218300
771,Pulaski County,Kentucky,112100
772,Coos County,Oregon,182600.0001
773,Bradford County,Pennsylvania,131600
774,Hamblen County,Tennessee,121700
775,Crow Wing County,Minnesota,176200
776,Otsego County,New York,125800
777,Sauk County,Wisconsin,170000.0001
778,Crawford County,Arkansas,106900
779,Washington County,Ohio,112600
780,Acadia Parish,Louisiana,89199.99999
781,Pope County,Arkansas,103800
782,Kershaw County,South Carolina,114400
783,Ward County,North Dakota,222800
784,Rutland County,Vermont,152100
785,Tipton County,Tennessee,124600
786,Starr County,Texas,74200
787,Sandusky County,Ohio,105600
788,Knox County,Ohio,136000.0001
789,Mason County,Washington,247700
790,Franklin County,North Carolina,157000
791,Stanly County,North Carolina,126900
792,Garfield County,Oklahoma,100600
793,Jackson County,Georgia,174200
794,Oldham County,Kentucky,272699.9999
795,Georgetown County,South Carolina,194400.0001
796,Belknap County,New Hampshire,223600
797,Genesee County,New York,113600
798,Granville County,North Carolina,152099.9999
799,Lowndes County,Mississippi,127600
800,Warrick County,Indiana,164200
801,Washington County,Vermont,207000
802,Lenoir County,North Carolina,91400.00001
803,Barry County,Michigan,146400
804,Wise County,Texas,190700.0001
805,Haywood County,North Carolina,121300
806,Clay County,Minnesota,187400
807,Laurel County,Kentucky,102300
808,Walla Walla County,Washington,223299.9999
809,Hall County,Nebraska,148700
810,Duplin County,North Carolina,80099.99998
811,Anderson County,Texas,94000.00002
812,Tooele County,Utah,238500
813,Newton County,Missouri,128700
814,Columbus County,North Carolina,95499.99998
815,Vermilion Parish,Louisiana,74600
816,Lee County,North Carolina,117500
817,Carter County,Tennessee,107000
818,Pike County,Pennsylvania,142799.9999
819,Blount County,Alabama,132499.9999
820,Otter Tail County,Minnesota,172300
821,Hawkins County,Tennessee,111400
822,Columbia County,Wisconsin,182899.9999
823,Seneca County,Ohio,87500
824,Windsor County,Vermont,185000
825,Boone County,Indiana,204199.9999
826,Edgecombe County,North Carolina,44699.99999
827,Marion County,West Virginia,95699.99996
828,Garfield County,Colorado,377100
829,Franklin County,Virginia,177800
830,Cumberland County,Tennessee,129300
831,Broomfield County,Colorado,415600.0001
832,Pearl River County,Mississippi,132000
833,Pickaway County,Ohio,161300
834,Lamar County,Mississippi,177600.0001
835,Saline County,Kansas,117699.9999
836,Fulton County,New York,109800
837,Putnam County,West Virginia,148999.9999
838,Kenai Peninsula Borough,Alaska,246600
839,Cherokee County,South Carolina,63600.00002
840,Carson City,Nevada,270600.0001
841,San Benito County,California,503600
842,Gordon County,Georgia,121400
843,Walton County,Florida,329500
844,Venango County,Pennsylvania,70499.99997
845,Washington County,Virginia,136300
846,Campbell County,Virginia,144800
847,Halifax County,North Carolina,72500.00002
848,Saint Mary Parish,Louisiana,85000.00001
849,Autauga County,Alabama,144600
850,Colbert County,Alabama,95400.00003
851,Maverick County,Texas,126500
852,Roane County,Tennessee,128100
853,Boone County,Illinois,151500
854,Henry County,Virginia,72300
855,Chisago County,Minnesota,215700
856,Coles County,Illinois,78899.99998
857,Gila County,Arizona,196999.9999
858,Jefferson County,West Virginia,212700
859,Ogle County,Illinois,127400
860,Rusk County,Texas,123600
861,Ashland County,Ohio,124200
862,Darke County,Ohio,123100
863,Russell County,Alabama,84700.00003
864,Knox County,Illinois,66799.99999
865,Wayne County,Pennsylvania,149499.9999
866,Coffee County,Tennessee,121900
867,Saint Charles Parish,Louisiana,184300
868,Johnson County,Missouri,159600.0001
869,Van Zandt County,Texas,121500
870,Lincoln County,Missouri,155299.9999
871,Grady County,Oklahoma,104500
872,Waupaca County,Wisconsin,130500
873,Vernon Parish,Louisiana,90499.99998
874,Union County,Ohio,190900
875,Cass County,Michigan,107100
876,Pulaski County,Missouri,139200
877,McMinn County,Tennessee,109000
878,Effingham County,Georgia,170400
879,Somerset County,Maine,103900
880,Pender County,North Carolina,214099.9999
881,Eagle County,Colorado,656399.9999
882,Lyon County,Nevada,233700
883,Taney County,Missouri,126000
884,Franklin County,New York,90000.00003
885,Winona County,Minnesota,158600
886,Worcester County,Maryland,237999.9999
887,Jefferson County,Tennessee,130700
888,La Plata County,Colorado,396600.0001
889,Grant County,Wisconsin,127600
890,Hood County,Texas,204499.9999
891,Tioga County,New York,117100
892,Watauga County,North Carolina,225899.9999
893,Washington County,Oklahoma,90200.00001
894,Crittenden County,Arkansas,81700.00003
895,Cherokee County,Texas,85900
896,Camden County,Georgia,156500
897,Chenango County,New York,92600.00004
898,LeFlore County,Oklahoma,70300
899,Montgomery County,New York,100300
900,Grundy County,Illinois,179900
901,Dearborn County,Indiana,163900
902,Box Elder County,Utah,205399.9999
903,Coffee County,Alabama,109500
904,Bristol County,Rhode Island,330400
905,Bedford County,Pennsylvania,118800.0001
906,Jackson County,Florida,87900.00001
907,Gibson County,Tennessee,72000.00003
908,Dickson County,Tennessee,150200
909,Kerr County,Texas,184100.0001
910,Boyd County,Kentucky,85400.00003
911,Henry County,Indiana,76000
912,Shelby County,Ohio,132800
913,Columbia County,Oregon,277399.9999
914,Cortland County,New York,116300
915,Franklin County,Kentucky,129600.0001
916,Greene County,New York,171900
917,Clinton County,Iowa,110000
918,Calumet County,Wisconsin,170300.0001
919,Allegany County,New York,66799.99997
920,Harrisonburg City,Virginia,182500
921,Jessamine County,Kentucky,145300
922,Loudon County,Tennessee,181099.9999
923,Newaygo County,Michigan,85500.00003
924,Laurens County,Georgia,95599.99997
925,Delaware County,New York,133900
926,Carroll County,New Hampshire,230900.0001
927,Queen Annes County,Maryland,316199.9999
928,Macoupin County,Illinois,69099.99999
929,Franklin County,Vermont,201400
930,Navarro County,Texas,92500.00003
931,Oktibbeha County,Mississippi,176899.9999
932,Carter County,Oklahoma,82799.99997
933,Noble County,Indiana,104900
934,Osage County,Oklahoma,102700
935,Santa Cruz County,Arizona,124000
936,Stokes County,North Carolina,138900
937,Lafayette County,Mississippi,204100
938,Scott County,Kentucky,173300
939,Washington Parish,Louisiana,73799.99998
940,Marshall County,Indiana,124500
941,Douglas County,Nevada,379100.0001
942,Cherokee County,Oklahoma,89800.00003
943,Hoke County,North Carolina,161300
944,Hopkins County,Kentucky,85200.00001
945,Lincoln Parish,Louisiana,160400
946,Culpeper County,Virginia,238200
947,Hillsdale County,Michigan,112400
948,Kay County,Oklahoma,62700
949,Gadsden County,Florida,88899.99999
950,Warren County,Iowa,181100
951,Goodhue County,Minnesota,188099.9999
952,Iron County,Utah,201800.0001
953,Lawrence County,Indiana,79099.99997
954,Campbell County,Wyoming,260100
955,Buffalo County,Nebraska,191400.0001
956,Lincoln County,Oregon,257599.9999
957,Perry County,Pennsylvania,154800
958,Auglaize County,Ohio,119900
959,Saint John the Baptist Parish,Louisiana,131800
960,Huntingdon County,Pennsylvania,116399.9999
961,Barron County,Wisconsin,136600.0001
962,Logan County,Ohio,114600
963,Pittsburg County,Oklahoma,78000.00004
964,Baldwin County,Georgia,129100
965,Bingham County,Idaho,181300
966,Calaveras County,California,288000
967,Colquitt County,Georgia,86600.00003
968,Vance County,North Carolina,84599.99998
969,Polk County,Texas,134300.0001
970,Branch County,Michigan,94400.00003
971,Jefferson County,Pennsylvania,81399.99997
972,Phelps County,Missouri,129900
973,Itasca County,Minnesota,143200
974,Bedford County,Tennessee,130600
975,Stephens County,Oklahoma,59900.00002
976,McDowell County,North Carolina,125300
977,Siskiyou County,California,185100.0001
978,Brown County,Ohio,121900
979,Whitman County,Washington,218800
980,Thomas County,Georgia,105100
981,Monroe County,Tennessee,108900
982,Windham County,Vermont,181700
983,Ohio County,West Virginia,97100.00003
984,Beltrami County,Minnesota,147000
985,Shelby County,Indiana,128100
986,Callaway County,Missouri,145300.0001
987,Polk County,Wisconsin,170200
988,Douglas County,Wisconsin,127300
989,Cerro Gordo County,Iowa,102600
990,Camden County,Missouri,185900
991,Hancock County,Mississippi,137700.0001
992,Dunn County,Wisconsin,149700.0001
993,Sweetwater County,Wyoming,221100
994,Sullivan County,New Hampshire,174299.9999
995,Chilton County,Alabama,114300
996,Highland County,Ohio,93999.99998
997,Stevens County,Washington,177500.0001
998,Charlottesville City,Virginia,286900
999,Miller County,Arkansas,93899.99997
1000,McKean County,Pennsylvania,60000
1001,Nelson County,Kentucky,144100
1002,Madison County,Ohio,153200
1003,Susquehanna County,Pennsylvania,113400
1004,Habersham County,Georgia,137200
1005,Wilson County,Texas,247000.0001
1006,Orleans County,New York,96400.00004
1007,Mecosta County,Michigan,92600.00004
1008,Butler County,Missouri,118500
1009,Muscatine County,Iowa,137700
1010,Fulton County,Ohio,130400
1011,Gratiot County,Michigan,82699.99998
1012,Bryan County,Oklahoma,98599.99997
1013,Sequoyah County,Oklahoma,79899.99999
1014,Jackson County,Indiana,120400
1015,Coffee County,Georgia,80099.99998
1016,Preble County,Ohio,102100
1017,Kandiyohi County,Minnesota,152000
1018,Pettis County,Missouri,87199.99999
1019,Wyoming County,New York,107300
1020,Greene County,Arkansas,92899.99996
1021,Shelby County,Kentucky,186399.9999
1022,Avoyelles Parish,Louisiana,84399.99997
1023,Clinton County,Ohio,129000
1024,Shenandoah County,Virginia,175000
1025,Shawano County,Wisconsin,112800
1026,Dubois County,Indiana,141799.9999
1027,Lawrence County,Tennessee,92500.00002
1028,Logan County,Oklahoma,148500
1029,Marinette County,Wisconsin,98199.99996
1030,Tallapoosa County,Alabama,110800
1031,Suwannee County,Florida,123600
1032,Baxter County,Arkansas,119700
1033,Delaware County,Oklahoma,147300
1034,Polk County,Georgia,85600.00001
1035,Ottawa County,Ohio,132999.9999
1036,Wharton County,Texas,125400
1037,Montrose County,Colorado,237800
1038,Mayes County,Oklahoma,102800
1039,Davie County,North Carolina,158999.9999
1040,Webster Parish,Louisiana,52400.00001
1041,Okanogan County,Washington,160700
1042,Franklin County,Tennessee,122600
1043,Pierce County,Wisconsin,199400.0001
1044,Kittitas County,Washington,278000
1045,Bonner County,Idaho,270300
1046,Jim Wells County,Texas,94799.99999
1047,Mercer County,Ohio,147000.0001
1048,Campbell County,Tennessee,96400.00003
1049,Marshall County,Iowa,99400
1050,Pike County,Mississippi,107600
1051,Howell County,Missouri,113000
1052,Des Moines County,Iowa,85999.99996
1053,Jackson County,North Carolina,180299.9999
1054,Rio Arriba County,New Mexico,172399.9999
1055,Ravalli County,Montana,192300
1056,Fremont County,Wyoming,210399.9999
1057,Tift County,Georgia,120400
1058,Guernsey County,Ohio,90600.00003
1059,Okmulgee County,Oklahoma,59699.99998
1060,Okeechobee County,Florida,118700
1061,Clarion County,Pennsylvania,80999.99997
1062,Warren County,Tennessee,92199.99999
1063,Knox County,Maine,215100
1064,Snyder County,Pennsylvania,149700
1065,Murray County,Georgia,114800
1066,Natchitoches Parish,Louisiana,116700
1067,Person County,North Carolina,134400
1068,Essex County,New York,152500
1069,Harrison County,Indiana,139199.9999
1070,Upshur County,Texas,135500
1071,Nez Perce County,Idaho,205900
1072,Clinton County,Pennsylvania,136000.0001
1073,Mower County,Minnesota,92500.00002
1074,Hendry County,Florida,108500
1075,Crawford County,Kansas,74099.99997
1076,Cheatham County,Tennessee,182400
1077,Defiance County,Ohio,97400
1078,Livingston County,Illinois,90400.00004
1079,Colleton County,South Carolina,108600
1080,Jefferson County,Illinois,53800.00002
1081,Woodford County,Illinois,149500
1082,Lawrence County,Missouri,94900.00003
1083,Chippewa County,Michigan,87100.00001
1084,Benton County,Minnesota,172300
1085,Knox County,Indiana,74999.99998
1086,Cooke County,Texas,131600
1087,Douglas County,Washington,319400
1088,Fayette County,Tennessee,186300
1089,Dyer County,Tennessee,73700
1090,Montgomery County,Indiana,104700
1091,Brown County,Texas,83600.00003
1092,Amador County,California,294400
1093,Caldwell County,Texas,138300
1094,Webster County,Iowa,81400
1095,Putnam County,Indiana,128200
1096,Erath County,Texas,127700
1097,Isanti County,Minnesota,177600
1098,Talbot County,Maryland,296500.0001
1099,Clinton County,Illinois,114100
1100,Oconto County,Wisconsin,141000.0001
1101,Williams County,Ohio,92900.00001
1102,Warren County,Virginia,201600
1103,Madison County,Idaho,219400
1104,Newberry County,South Carolina,90200.00002
1105,Pontotoc County,Oklahoma,89099.99997
1106,Graham County,Arizona,158200.0001
1107,Alexander County,North Carolina,137800
1108,Calloway County,Kentucky,127600
1109,Lagrange County,Indiana,155299.9999
1110,Bennington County,Vermont,167100.0001
1111,Huntington County,Indiana,89900.00001
1112,Delta County,Michigan,92399.99997
1113,Alcorn County,Mississippi,88799.99997
1114,Clatsop County,Oregon,279000
1115,Monroe County,Mississippi,75600.00001
1116,Scotts Bluff County,Nebraska,107300
1117,Boone County,Arkansas,101200
1118,Miami County,Indiana,74399.99997
1119,Coshocton County,Ohio,88499.99997
1120,Gloucester County,Virginia,219400.0001
1121,Green County,Wisconsin,155799.9999
1122,Jasper County,Iowa,122100
1123,Addison County,Vermont,224600.0001
1124,Finney County,Kansas,146300
1125,Matagorda County,Texas,134100
1126,Dodge County,Nebraska,125000
1127,McLeod County,Minnesota,161500.0001
1128,Independence County,Arkansas,91300.00001
1129,Steele County,Minnesota,158300
1130,Summit County,Utah,619800.0002
1131,Ware County,Georgia,78100.00004
1132,Cowley County,Kansas,69100.00001
1133,Albany County,Wyoming,219700
1134,Lincoln County,Nebraska,141800.0001
1135,Hale County,Texas,71200.00001
1136,Halifax County,Virginia,75100.00003
1137,Scotland County,North Carolina,71800.00003
1138,Perry County,Ohio,91200
1139,Douglas County,Minnesota,199300
1140,Oneida County,Wisconsin,154700
1141,Prince George County,Virginia,188600
1142,Jasper County,Texas,105400
1143,Cocke County,Tennessee,79900.00002
1144,Beauregard Parish,Louisiana,101100
1145,Whitley County,Kentucky,85599.99998
1146,Wapello County,Iowa,72900.00003
1147,Clark County,Kentucky,143399.9999
1148,Barry County,Missouri,115500
1149,Laclede County,Missouri,121500
1150,Morgan County,Illinois,79800.00002
1151,Montgomery County,Kansas,52700
1152,Carlton County,Minnesota,156600.0001
1153,Sagadahoc County,Maine,205999.9999
1154,Isle of Wight County,Virginia,239800
1155,Seneca County,New York,102500
1156,Chambers County,Texas,201500
1157,Hill County,Texas,83199.99998
1158,Bureau County,Illinois,79700
1159,Clarendon County,South Carolina,100900
1160,Madison County,Nebraska,156400
1161,Pulaski County,Virginia,109700
1162,Lincoln County,Mississippi,121800
1163,De Soto County,Florida,105200
1164,Christian County,Illinois,79700.00001
1165,Harvey County,Kansas,118400
1166,McClain County,Oklahoma,154600
1167,Putnam County,Ohio,135100
1168,Adams County,Indiana,119500
1169,Geary County,Kansas,129100
1170,Lincoln County,Oklahoma,75400.00001
1171,Effingham County,Illinois,127600
1172,Steuben County,Indiana,145200
1173,Evangeline Parish,Louisiana,57100.00001
1174,Macon County,North Carolina,169400
1175,Dare County,North Carolina,292200
1176,Fannin County,Texas,89899.99999
1177,Ford County,Kansas,103700
1178,Washington County,Texas,183500
1179,Sioux County,Iowa,158500
1180,Lyon County,Kansas,86999.99999
1181,Gibson County,Indiana,98600.00003
1182,Orange County,Virginia,205200.0001
1183,Jasper County,Indiana,152900.0001
1184,Kendall County,Texas,328099.9999
1185,Iberville Parish,Louisiana,93799.99996
1186,Lincoln County,Tennessee,101100
1187,Marion County,Iowa,137900
1188,Whitley County,Indiana,140500
1189,Jackson County,Ohio,81100.00001
1190,Clinton County,Indiana,90600
1191,Morrison County,Minnesota,179700.0001
1192,Louisa County,Virginia,198399.9999
1193,McCurtain County,Oklahoma,69400.00002
1194,Botetourt County,Virginia,180900
1195,Chester County,South Carolina,65100
1196,Huron County,Michigan,95699.99999
1197,Transylvania County,North Carolina,209699.9999
1198,Caroline County,Maryland,175200.0001
1199,Coos County,New Hampshire,112500
1200,Pike County,Alabama,123700
1201,Wabash County,Indiana,96400.00004
1202,Sumter County,Georgia,76199.99998
1203,Miami County,Kansas,179400
1204,Schoharie County,New York,131399.9999
1205,Emmet County,Michigan,150300
1206,Dorchester County,Maryland,137900
1207,McDonough County,Illinois,67899.99998
1208,Uintah County,Utah,255400.0001
1209,Warren County,Missouri,160100
1210,Becker County,Minnesota,202899.9999
1211,Jefferson County,Indiana,102900
1212,Amherst County,Virginia,148900
1213,Titus County,Texas,113300
1214,Henry County,Tennessee,82799.99998
1215,Adams County,Mississippi,114500
1216,Platte County,Nebraska,151000
1217,Smyth County,Virginia,72899.99998
1218,Stone County,Missouri,155800
1219,Kleberg County,Texas,111600
1220,Harris County,Georgia,212900
1221,Bee County,Texas,111500
1222,Ottawa County,Oklahoma,62199.99998
1223,Rhea County,Tennessee,107800
1224,Obion County,Tennessee,67599.99997
1225,Polk County,Minnesota,175600
1226,Jefferson Davis Parish,Louisiana,74999.99998
1227,Muhlenberg County,Kentucky,83699.99999
1228,Marshall County,Kentucky,91899.99998
1229,Malheur County,Oregon,146900
1230,Juneau Borough,Alaska,381800.0001
1231,Freeborn County,Minnesota,96799.99996
1232,Clare County,Michigan,83700.00002
1233,Wakulla County,Florida,153700
1234,Hancock County,West Virginia,82300.00003
1235,Marshall County,Tennessee,133500
1236,Cass County,Texas,98599.99998
1237,Logan County,Illinois,79599.99998
1238,Bryan County,Georgia,218999.9999
1239,Montgomery County,Illinois,54399.99997
1240,Wayne County,Georgia,104900
1241,Garrett County,Maryland,159000
1242,Lumpkin County,Georgia,191499.9999
1243,Jefferson County,Washington,343200
1244,Vernon County,Wisconsin,135300
1245,Pine County,Minnesota,155600
1246,Iroquois County,Illinois,73800.00001
1247,Neshoba County,Mississippi,106500
1248,Alpena County,Michigan,78000.00001
1249,Grant County,New Mexico,121700
1250,Giles County,Tennessee,99499.99999
1251,Copiah County,Mississippi,74100.00003
1252,Pickens County,Georgia,175099.9999
1253,Hocking County,Ohio,113000
1254,Wythe County,Virginia,120900
1255,McPherson County,Kansas,134400
1256,Sheridan County,Wyoming,230200
1257,Fayette County,Ohio,102000
1258,Union County,South Carolina,59100.00003
1259,Tate County,Mississippi,124100
1260,Carroll County,Ohio,99400
1261,Ripley County,Indiana,110800
1262,Trempealeau County,Wisconsin,142700
1263,Marion County,Missouri,114800
1264,Haralson County,Georgia,110900
1265,Lake County,Montana,253199.9999
1266,Van Wert County,Ohio,97199.99997
1267,Lincoln County,Wisconsin,124599.9999
1268,Mason County,Michigan,105100
1269,Jones County,Georgia,126600
1270,Meade County,Kentucky,125900
1271,Cass County,Minnesota,160199.9999
1272,Caroline County,Virginia,175499.9999
1273,Jennings County,Indiana,104000
1274,Carroll County,Tennessee,70299.99997
1275,Bradford County,Florida,112400
1276,Ellis County,Kansas,166699.9999
1277,Boyle County,Kentucky,126100
1278,Austin County,Texas,194899.9999
1279,Gilmer County,Georgia,186800.0001
1280,Wyoming County,Pennsylvania,140300
1281,Washington County,Indiana,104900
1282,Marion County,Tennessee,99199.99997
1283,Park County,Wyoming,240199.9999
1284,Glenn County,California,197200
1285,Madison County,Georgia,127300
1286,Palo Pinto County,Texas,109200
1287,Powhatan County,Virginia,267499.9999
1288,Morehouse Parish,Louisiana,78899.99998
1289,Sanpete County,Utah,197200.0001
1290,Lauderdale County,Tennessee,61299.99999
1291,Montgomery County,North Carolina,87699.99996
1292,Door County,Wisconsin,175900
1293,Henderson County,Tennessee,88800
1294,Le Sueur County,Minnesota,182000.0001
1295,Peach County,Georgia,126700
1296,Barton County,Kansas,75700.00002
1297,Wells County,Indiana,113100
1298,Garvin County,Oklahoma,59599.99998
1299,Simpson County,Mississippi,91100.00002
1300,Morton County,North Dakota,203500
1301,Custer County,Oklahoma,102000
1302,Carroll County,Arkansas,133300
1303,Cherokee County,North Carolina,142500
1304,Ashe County,North Carolina,127100
1305,Hardeman County,Tennessee,62199.99997
1306,Upson County,Georgia,67100
1307,White County,Georgia,161900
1308,Union County,Mississippi,148000.0001
1309,Baker County,Florida,163900
1310,Marion County,Mississippi,108400
1311,Lewis County,New York,110200
1312,Elmore County,Idaho,149500
1313,Edgefield County,South Carolina,130699.9999
1314,Anson County,North Carolina,59700
1315,Juneau County,Wisconsin,106600
1316,Oceana County,Michigan,91699.99998
1317,Montgomery County,Kentucky,124300
1318,Somerset County,Maryland,104700
1319,Jackson County,Oklahoma,54000.00002
1320,Monroe County,Georgia,176800
1321,Uvalde County,Texas,109400
1322,San Jacinto County,Texas,118900
1323,Boone County,Iowa,135400
1324,Winchester City,Virginia,216200
1325,Stephens County,Georgia,98900.00003
1326,Randolph County,Indiana,69299.99998
1327,Cheboygan County,Michigan,99500
1328,Coahoma County,Mississippi,87699.99996
1329,Jefferson County,Idaho,219799.9999
1330,Mille Lacs County,Minnesota,168500
1331,Benton County,Iowa,140400
1332,McNairy County,Tennessee,70999.99997
1333,Hardin County,Tennessee,87800.00002
1334,Chattooga County,Georgia,72500
1335,Franklin County,Kansas,99100.00002
1336,Cherokee County,Alabama,102900
1337,Cleburne County,Arkansas,126499.9999
1338,Posey County,Indiana,138800
1339,Iosco County,Michigan,71200
1340,Lyon County,Minnesota,121500
1341,White County,Tennessee,98700.00002
1342,Union County,Oregon,167899.9999
1343,Decatur County,Indiana,117400
1344,Gladwin County,Michigan,91499.99999
1345,Fluvanna County,Virginia,198599.9999
1346,Adair County,Missouri,92600.00002
1347,Johnson County,Arkansas,86099.99999
1348,Montezuma County,Colorado,199400
1349,Audrain County,Missouri,96999.99996
1350,Seminole County,Oklahoma,44700.00002
1351,Shelby County,Texas,93699.99998
1352,Randolph County,Missouri,94799.99997
1353,Yates County,New York,141000
1354,Prentiss County,Mississippi,77100.00001
1355,Tillamook County,Oregon,296500.0001
1356,Wasco County,Oregon,234799.9999
1357,Hart County,Georgia,136900
1358,Washington County,Missouri,100200
1359,Luna County,New Mexico,95899.99997
1360,Saline County,Illinois,42399.99999
1361,Washington County,Florida,99400.00003
1362,Todd County,Minnesota,105900
1363,Gillespie County,Texas,279500
1364,Salem City,Virginia,153700
1365,Jasper County,South Carolina,123200
1366,Milam County,Texas,84699.99998
1367,Miller County,Missouri,123200
1368,Manistee County,Michigan,118500
1369,Crawford County,Missouri,131500
1370,Hickman County,Tennessee,84799.99999
1371,Grant County,Kentucky,141400
1372,White County,Indiana,97699.99999
1373,Juniata County,Pennsylvania,142200
1374,Taylor County,Kentucky,103300
1375,Waushara County,Wisconsin,128900
1376,Lamoille County,Vermont,219600
1377,Roscommon County,Michigan,93699.99999
1378,Fredericksburg City,Virginia,316000
1379,Fayette County,Indiana,59300.00002
1380,Stark County,North Dakota,239700
1381,Scott County,Indiana,89800
1382,Otsego County,Michigan,106200
1383,Sumner County,Kansas,72699.99999
1384,Page County,Virginia,142300
1385,Fairfield County,South Carolina,44500.00001
1386,Panola County,Texas,129900
1387,West Baton Rouge Parish,Louisiana,194500
1388,Staunton City,Virginia,148800
1389,Houston County,Texas,93399.99996
1390,Caswell County,North Carolina,88000.00001
1391,Iowa County,Wisconsin,155100
1392,Fannin County,Georgia,179400.0001
1393,Butts County,Georgia,110800
1394,King George County,Virginia,259600
1395,Antrim County,Michigan,133700
1396,Currituck County,North Carolina,246400
1397,Wasatch County,Utah,400700.0002
1398,Osceola County,Michigan,82999.99999
1399,Routt County,Colorado,469300
1400,Limestone County,Texas,93599.99996
1401,Starke County,Indiana,95200.00003
1402,Teller County,Colorado,273799.9999
1403,Rowan County,Kentucky,114900
1404,Burke County,Georgia,70300.00002
1405,Meeker County,Minnesota,149099.9999
1406,Scott County,Virginia,82599.99999
1407,Aransas County,Texas,186000.0001
1408,Franklin County,Indiana,151500
1409,Elbert County,Colorado,477200
1410,McDonald County,Missouri,88599.99999
1411,Plaquemines Parish,Louisiana,222299.9999
1412,Cassia County,Idaho,164200
1413,Seward County,Kansas,110800.0001
1414,Hockley County,Texas,102900
1415,Pointe Coupee Parish,Louisiana,128200
1416,Union Parish,Louisiana,108500
1417,Jo Daviess County,Illinois,120000
1418,Grainger County,Tennessee,106600
1419,Hopewell City,Virginia,101100
1420,Taylor County,Florida,90700
1421,Fairfax City,Virginia,493000
1422,Gray County,Texas,77600
1423,Yankton County,South Dakota,162799.9999
1424,Williams County,North Dakota,220300
1425,Jerome County,Idaho,169600
1426,Curry County,Oregon,291700.0001
1427,Hood River County,Oregon,414200
1428,Dawson County,Georgia,231600
1429,Gage County,Nebraska,101200
1430,Grant Parish,Louisiana,91999.99999
1431,Rockbridge County,Virginia,178600
1432,Macon County,Tennessee,103200
1433,Beckham County,Oklahoma,80000
1434,Saint James Parish,Louisiana,138500
1435,Franklin County,Georgia,121700
1436,Overton County,Tennessee,91900.00001
1437,Meriwether County,Georgia,82299.99999
1438,Morgan County,Tennessee,84100.00001
1439,Grenada County,Mississippi,95700.00001
1440,Moore County,Texas,111900
1441,McDuffie County,Georgia,91800.00002
1442,Tyler County,Texas,97200.00004
1443,Newton County,Mississippi,97300.00004
1444,Jefferson County,Oregon,218499.9999
1445,Goochland County,Virginia,285100.0001
1446,Washington County,Iowa,145500
1447,Wabasha County,Minnesota,188399.9999
1448,Asotin County,Washington,207200
1449,Pottawatomie County,Kansas,179899.9999
1450,Owen County,Indiana,92299.99998
1451,Vilas County,Wisconsin,186200
1452,Anderson County,Kentucky,142100
1453,Colusa County,California,203400
1454,Calhoun County,Texas,126600
1455,Blaine County,Idaho,407100
1456,Union County,Georgia,179399.9999
1457,Mercer County,Kentucky,127800
1458,Teton County,Wyoming,733300
1459,Jay County,Indiana,90200
1460,Putnam County,Georgia,194000
1461,Uinta County,Wyoming,204600
1462,Stutsman County,North Dakota,155800.0001
1463,Waynesboro City,Virginia,150200
1464,Crook County,Oregon,229600
1465,Spencer County,Indiana,113700
1466,Colorado County,Texas,138300
1467,Fillmore County,Minnesota,138900
1468,Martin County,Minnesota,97800.00004
1469,Fulton County,Indiana,87999.99999
1470,Concordia Parish,Louisiana,67800
1471,Carroll County,Iowa,130199.9999
1472,Sevier County,Utah,190300
1473,Saunders County,Nebraska,160800
1474,Franklin Parish,Louisiana,60900.00002
1475,Madison County,North Carolina,187100
1476,Wayne County,Mississippi,96900.00002
1477,Polk County,Arkansas,86999.99996
1478,Clay County,Mississippi,96499.99997
1479,Kewaunee County,Wisconsin,137900.0001
1480,Polk County,North Carolina,203000
1481,Lincoln County,New Mexico,189000
1482,Bandera County,Texas,225100
1483,Hubbard County,Minnesota,183800
1484,Klickitat County,Washington,214999.9999
1485,East Feliciana Parish,Louisiana,164900
1486,Buena Vista County,Iowa,100700
1487,McIntosh County,Oklahoma,74299.99998
1488,Washington County,Nebraska,172200
1489,Jones County,Texas,68100.00002
1490,Kent County,Maryland,192500.0001
1491,Elbert County,Georgia,83199.99998
1492,Carroll County,Indiana,107500
1493,De Witt County,Texas,101200
1494,Dodge County,Minnesota,188700
1495,Woodward County,Oklahoma,90200.00001
1496,Minidoka County,Idaho,138400
1497,Breckinridge County,Kentucky,92599.99996
1498,Plumas County,California,247400
1499,Bourbon County,Kentucky,123400
1500,Langlade County,Wisconsin,97099.99996
1501,Jackson County,Iowa,128100
1502,Marion County,Kentucky,106100
1503,Freestone County,Texas,109300
1504,Gonzales County,Texas,107200
1505,Dickinson County,Kansas,90300.00002
1506,Montague County,Texas,95500.00002
1507,Lincoln County,Montana,154400.0001
1508,Lampasas County,Texas,157900.0001
1509,Covington County,Mississippi,91699.99998
1510,Perry County,Indiana,93400.00001
1511,Llano County,Texas,226300
1512,Berrien County,Georgia,102000
1513,Lavaca County,Texas,106700
1514,Winston County,Mississippi,93200.00002
1515,Smith County,Tennessee,124800
1516,Jefferson County,Kansas,124599.9999
1517,Union County,Tennessee,113300
1518,Green Lake County,Wisconsin,122400.0001
1519,Houston County,Minnesota,167000
1520,Perry County,Missouri,130000
1521,New Madrid County,Missouri,81199.99998
1522,Poweshiek County,Iowa,139400
1523,Otero County,Colorado,81400.00002
1524,Haywood County,Tennessee,65599.99998
1525,Pierce County,Georgia,110000
1526,Adams County,Washington,162500.0001
1527,Dekalb County,Tennessee,116500
1528,Duchesne County,Utah,207500.0001
1529,Young County,Texas,90899.99999
1530,Inyo County,California,343400.0001
1531,Humphreys County,Tennessee,102600
1532,Pike County,Missouri,118200
1533,Cedar County,Iowa,152900
1534,New Kent County,Virginia,247600.0001
1535,Greene County,Virginia,219699.9999
1536,Banks County,Georgia,159000
1537,Lamar County,Georgia,108700
1538,Unicoi County,Tennessee,107500
1539,Mariposa County,California,224300
1540,Johnson County,Tennessee,80000
1541,Bosque County,Texas,120200
1542,Lincoln County,Wyoming,211100
1543,Fentress County,Tennessee,80900.00003
1544,Los Alamos County,New Mexico,284899.9999
1545,Pike County,Georgia,159600
1546,Morgan County,Georgia,194500
1547,Bristol City,Virginia,95299.99998
1548,Chaffee County,Colorado,342700.0001
1549,Stone County,Mississippi,114700
1550,Delaware County,Iowa,140800
1551,Warren County,Illinois,55600.00001
1552,Gaines County,Texas,147000
1553,Benzie County,Michigan,160400.0001
1554,Westmoreland County,Virginia,174300.0001
1555,Colonial Heights City,Virginia,163000
1556,Rush County,Indiana,94800.00003
1557,Chickasaw County,Mississippi,70899.99999
1558,Parke County,Indiana,67400.00001
1559,Andrew County,Missouri,132600
1560,Giles County,Virginia,103600
1561,Sharp County,Arkansas,66500.00003
1562,Frio County,Texas,89900.00004
1563,Claiborne Parish,Louisiana,53599.99998
1564,Burleson County,Texas,124600
1565,Kalkaska County,Michigan,87799.99999
1566,Pitkin County,Colorado,978599.9997
1567,Chester County,Tennessee,94800
1568,Jasper County,Mississippi,94800
1569,Spencer County,Kentucky,197300
1570,Bates County,Missouri,94900.00001
1571,Wayne County,Tennessee,74800.00001
1572,Gilchrist County,Florida,117000
1573,Atchison County,Kansas,91400.00001
1574,Garrard County,Kentucky,114799.9999
1575,Polk County,Tennessee,87800.00001
1576,Leon County,Texas,123300
1577,Dallas County,Missouri,118900.0001
1578,Clarke County,Mississippi,89199.99998
1579,Piatt County,Illinois,124299.9999
1580,Gem County,Idaho,211900.0001
1581,Clay County,Iowa,118800
1582,Dickinson County,Iowa,216500
1583,Dade County,Georgia,127700
1584,Robertson County,Texas,87100.00002
1585,Lee County,Texas,135800
1586,Dewitt County,Illinois,83000.00001
1587,Sawyer County,Wisconsin,175400.0001
1588,Dukes County,Massachusetts,770400.0003
1589,Neosho County,Kansas,69400.00003
1590,Benton County,Tennessee,72199.99999
1591,Dixie County,Florida,86100.00001
1592,Iowa County,Iowa,151000.0001
1593,Clark County,Illinois,66200
1594,Richland County,North Dakota,114400
1595,Osage County,Kansas,94900.00005
1596,Rabun County,Georgia,159500
1597,Jackson Parish,Louisiana,75500.00003
1598,Idaho County,Idaho,185700
1599,Alleghany County,Virginia,91099.99999
1600,Kanabec County,Minnesota,153800.0001
1601,Vermillion County,Indiana,52100
1602,Park County,Colorado,311800
1603,Aitkin County,Minnesota,165400.0001
1604,Ashland County,Wisconsin,89400.00004
1605,Hill County,Montana,173600
1606,Greene County,Georgia,279700
1607,King William County,Virginia,190200
1608,Page County,Iowa,78400
1609,Arenac County,Michigan,61100
1610,Gulf County,Florida,160800
1611,San Juan County,Washington,555700.0001
1612,Madison County,Iowa,168600
1613,Park County,Montana,210400
1614,West Feliciana Parish,Louisiana,245700.0001
1615,Moniteau County,Missouri,113600.0001
1616,Macon County,Missouri,110200
1617,Grayson County,Virginia,101200
1618,Las Animas County,Colorado,154900.0001
1619,Gooding County,Idaho,156700.0001
1620,Burnett County,Wisconsin,136999.9999
1621,Alamosa County,Colorado,165500.0001
1622,Walthall County,Mississippi,111000
1623,Massac County,Illinois,57200
1624,Marquette County,Wisconsin,127400
1625,Brown County,Indiana,177400
1626,Nolan County,Texas,66200.00002
1627,Livingston County,Missouri,97700.00003
1628,Bourbon County,Kansas,73000.00002
1629,Mills County,Iowa,154200
1630,Kingfisher County,Oklahoma,129500
1631,Nelson County,Virginia,181300.0001
1632,Bayfield County,Wisconsin,134199.9999
1633,Calhoun County,Mississippi,76500.00001
1634,Oglethorpe County,Georgia,146200.0001
1635,LaSalle Parish,Louisiana,77599.99997
1636,Grand County,Colorado,317899.9999
1637,Karnes County,Texas,83300.00003
1638,San Juan County,Utah,206100.0001
1639,Crockett County,Tennessee,72000.00001
1640,Long County,Georgia,159299.9999
1641,Newton County,Texas,97600.00003
1642,Greene County,Mississippi,106100
1643,O Brien County,Iowa,100400
1644,Bienville Parish,Louisiana,60100
1645,Trigg County,Kentucky,101200
1646,Allamakee County,Iowa,115200
1647,Newton County,Indiana,102000
1648,Sequatchie County,Tennessee,103000
1649,Ford County,Illinois,79299.99997
1650,Jackson County,Texas,130800
1651,Crawford County,Michigan,76699.99997
1652,Williamsburg City,Virginia,255000.0001
1653,Clarke County,Virginia,306699.9999
1654,Cedar County,Missouri,110400
1655,Swain County,North Carolina,140700.0001
1656,Lamb County,Texas,38900
1657,Comanche County,Texas,67400.00002
1658,Cass County,Iowa,88800.00003
1659,Pennington County,Minnesota,138600
1660,Summers County,West Virginia,63799.99999
1661,Jasper County,Georgia,127400
1662,Osage County,Missouri,156100
1663,Converse County,Wyoming,223800
1664,Dawson County,Texas,74900
1665,Cannon County,Tennessee,131500
1666,Trinity County,California,213099.9999
1667,Grundy County,Tennessee,70399.99999
1668,Madison County,Texas,101900
1669,Kodiak Island Borough,Alaska,347599.9998
1670,Callahan County,Texas,107800
1671,Wilbarger County,Texas,60500.00001
1672,Murray County,Oklahoma,76200.00003
1673,Ketchikan Gateway Borough,Alaska,277599.9999
1674,Jackson County,Kansas,89100
1675,Pulaski County,Indiana,82600.00001
1676,Glacier County,Montana,131300
1677,Presque Isle County,Michigan,83600.00002
1678,Allen County,Kansas,71099.99999
1679,Stewart County,Tennessee,101100
1680,Koochiching County,Minnesota,84800.00002
1681,Madison County,Virginia,190500
1682,Goshen County,Wyoming,156100
1683,Fremont County,Idaho,197000.0001
1684,Desha County,Arkansas,41100.00001
1685,Morris County,Texas,71999.99999
1686,Lawrence County,Mississippi,101200
1687,Glades County,Florida,81899.99999
1688,Big Horn County,Montana,136500
1689,Pike County,Indiana,64599.99999
1690,Franklin County,Idaho,211800.0001
1691,Blackford County,Indiana,65600.00002
1692,Shoshone County,Idaho,118700
1693,Yalobusha County,Mississippi,77400.00002
1694,Jefferson Davis County,Mississippi,92200
1695,Chippewa County,Minnesota,79300.00001
1696,Camp County,Texas,106800
1697,Stone County,Arkansas,96300
1698,Falls Church City,Virginia,738900
1699,Perry County,Mississippi,106699.9999
1700,Madison County,Missouri,81500
1701,Lewis County,Tennessee,81699.99997
1702,Poquoson City,Virginia,291199.9999
1703,Madison Parish,Louisiana,46000
1704,Archuleta County,Colorado,326399.9999
1705,Cherokee County,Iowa,90200.00004
1706,Sierra County,New Mexico,76200.00001
1707,Rio Grande County,Colorado,142800
1708,Wabash County,Illinois,69400
1709,Duval County,Texas,71300.00003
1710,Decatur County,Tennessee,67700.00003
1711,Meigs County,Tennessee,126700
1712,Custer County,Montana,153800.0001
1713,Jackson County,Tennessee,78100
1714,West Carroll Parish,Louisiana,81199.99999
1715,Franklin County,Florida,247100
1716,Lake County,Michigan,57399.99999
1717,Live Oak County,Texas,131200
1718,Owyhee County,Idaho,192300
1719,Ramsey County,North Dakota,138300
1720,Jefferson County,Montana,183100
1721,Lancaster County,Virginia,218399.9999
1722,Hancock County,Iowa,95499.99997
1723,Saint Helena Parish,Louisiana,82000.00001
1724,Essex County,Virginia,172800
1725,Walsh County,North Dakota,81500
1726,Barnes County,North Dakota,132500
1727,Skamania County,Washington,308899.9999
1728,Boundary County,Idaho,223299.9999
1729,Middlesex County,Virginia,228600.0001
1730,Montgomery County,Mississippi,72700
1731,Rains County,Texas,112500
1732,Oregon County,Missouri,64300.00002
1733,Lake County,Minnesota,169000
1734,Owen County,Kentucky,115200
1735,Clay County,Texas,97099.99999
1736,Montgomery County,Iowa,72299.99997
1737,Crawford County,Indiana,72500.00002
1738,Ward County,Texas,95800.00002
1739,Switzerland County,Indiana,86599.99998
1740,Franklin County,Texas,146600.0001
1741,Carroll County,Mississippi,106600
1742,Clay County,North Carolina,147400.0001
1743,Marion County,Texas,106700
1744,Blanco County,Texas,302999.9999
1745,Towns County,Georgia,190700
1746,Lee County,Arkansas,34000
1747,Catahoula Parish,Louisiana,71300
1748,Martin County,Indiana,78099.99999
1749,Parmer County,Texas,91800
1750,Webster County,Mississippi,90999.99998
1751,Juab County,Utah,179300
1752,Ochiltree County,Texas,107300
1753,Nemaha County,Kansas,94900.00003
1754,Nantucket County,Massachusetts,1506800
1755,Teton County,Idaho,328600.0001
1756,Ralls County,Missouri,116900
1757,Howard County,Missouri,121900
1758,Marshall County,Kansas,72700
1759,Rice County,Kansas,53500.00002
1760,Carbon County,Montana,204400.0001
1761,Brown County,Kansas,71399.99998
1762,Valley County,Idaho,291399.9999
1763,Saint Clair County,Missouri,113200
1764,Montmorency County,Michigan,75400.00003
1765,Richland County,Montana,219300
1766,Pratt County,Kansas,73999.99996
1767,Linn County,Kansas,69899.99999
1768,Stephens County,Texas,75399.99999
1769,Morgan County,Utah,375700.0001
1770,Caldwell County,Missouri,95100.00003
1771,Mitchell County,Texas,68000.00002
1772,Deer Lodge County,Montana,118200
1773,Carroll County,Missouri,66099.99999
1774,Benewah County,Idaho,176400
1775,Rosebud County,Montana,140300
1776,Brewster County,Texas,191700
1777,Stillwater County,Montana,190800
1778,Clear Creek County,Colorado,319300
1779,Archer County,Texas,135100
1780,Greene County,Alabama,78600
1781,Jack County,Texas,67600
1782,Dawson County,Montana,165900
1783,McLean County,North Dakota,170600
1784,Sitka Borough,Alaska,398600
1785,Benton County,Indiana,68800.00001
1786,Clearwater County,Idaho,139700.0001
1787,Platte County,Wyoming,184700
1788,Johnson County,Wyoming,239300
1789,Choctaw County,Mississippi,84400.00001
1790,Clay County,Kansas,84400.00001
1791,Washakie County,Wyoming,171100
1792,Somervell County,Texas,235499.9999
1793,Daviess County,Missouri,120800
1794,Traill County,North Dakota,126400
1795,Franklin County,Mississippi,113300
1796,Anderson County,Kansas,59500.00001
1797,Doniphan County,Kansas,78499.99997
1798,Lemhi County,Idaho,203500
1799,Thomas County,Kansas,125100
1800,Yoakum County,Texas,104000
1801,Trousdale County,Tennessee,128500
1802,Grant County,Kansas,120000
1803,Power County,Idaho,161200
1804,East Carroll Parish,Louisiana,43699.99998
1805,Madison County,Montana,208900
1806,Mountrail County,North Dakota,198200.0001
1807,Ferry County,Washington,156799.9999
1808,Union County,Indiana,77800.00001
1809,Pembina County,North Dakota,83700.00001
1810,Refugio County,Texas,77200
1811,Valley County,Montana,151300
1812,San Miguel County,Colorado,630099.9998
1813,Hutchinson County,South Dakota,266100
1814,Lake County,Colorado,220299.9999
1815,Goliad County,Texas,165600
1816,Weston County,Wyoming,145699.9999
1817,Bailey County,Texas,73700
1818,Clark County,Missouri,78499.99997
1819,Kane County,Utah,206600
1820,Wabaunsee County,Kansas,116800
1821,Boise County,Idaho,207900
1822,Pawnee County,Kansas,63899.99998
1823,Russell County,Kansas,57200
1824,Caribou County,Idaho,158400
1825,Talbot County,Georgia,90200.00003
1826,Gentry County,Missouri,69699.99999
1827,Sullivan County,Missouri,21500
1828,Greenwood County,Kansas,39500.00001
1829,Clay County,Nebraska,72600
1830,Ellsworth County,Kansas,80000
1831,Blaine County,Montana,143100
1832,Garza County,Texas,50699.99998
1833,Floyd County,Texas,59500.00003
1834,Bottineau County,North Dakota,140600.0001
1835,Shelby County,Missouri,71099.99999
1836,Mitchell County,Kansas,76200
1837,Carson County,Texas,86300.00002
1838,Pondera County,Montana,162200
1839,Ottawa County,Kansas,85700.00003
1840,Teton County,Montana,150899.9999
1841,Hartley County,Texas,204700
1842,Gray County,Kansas,114600
1843,Lynn County,Texas,70600.00002
1844,Haskell County,Texas,57900.00002
1845,Chouteau County,Montana,167000.0001
1846,Washington County,Kansas,65100.00002
1847,Stevens County,Kansas,109400
1848,Norton County,Kansas,61100
1849,Phillips County,Kansas,56099.99999
1850,Beaver County,Oklahoma,94000.00001
1851,Hansford County,Texas,95899.99999
1852,Broadwater County,Montana,172900
1853,Ransom County,North Dakota,117100
1854,McHenry County,North Dakota,120100
1855,Toole County,Montana,140200
1856,Dickey County,North Dakota,84000.00001
1857,Rooks County,Kansas,60800.00001
1858,Garfield County,Utah,173199.9999
1859,Kingsbury County,South Dakota,156199.9999
1860,Morrill County,Nebraska,76399.99997
1861,Republic County,Kansas,50800.00001
1862,Putnam County,Missouri,91099.99998
1863,Scott County,Kansas,94199.99999
1864,Hidalgo County,New Mexico,110900
1865,Barber County,Kansas,48700
1866,Hot Springs County,Wyoming,148200
1867,Guadalupe County,New Mexico,95299.99999
1868,Kimble County,Texas,108000
1869,Meade County,Kansas,65299.99998
1870,Union County,New Mexico,117900
1871,Musselshell County,Montana,125700
1872,Ouray County,Colorado,402699.9999
1873,Oneida County,Idaho,152400
1874,Haskell County,Kansas,102100
1875,Mineral County,Montana,146400
1876,Kearny County,Kansas,110700
1877,Adams County,Idaho,245300
1878,Osborne County,Kansas,44700
1879,Smith County,Kansas,49700
1880,Lewis County,Idaho,128899.9999
1881,Mercer County,Missouri,70700.00001
1882,Baylor County,Texas,59099.99998
1883,Sweet Grass County,Montana,195799.9999
1884,Kinney County,Texas,65299.99998
1885,Emmons County,North Dakota,68700.00001
1886,Sheridan County,Montana,146500
1887,Shackelford County,Texas,85199.99999
1888,Hall County,Texas,52499.99999
1889,Foster County,North Dakota,134100
1890,Real County,Texas,101600
1891,Woodson County,Kansas,47500
1892,Rush County,Kansas,45900
1893,Lincoln County,Kansas,48800.00002
1894,Morton County,Kansas,87499.99996
1895,Ness County,Kansas,60699.99997
1896,Granite County,Montana,179700
1897,Jewell County,Kansas,44699.99998
1898,Edwards County,Kansas,40300.00001
1899,Trego County,Kansas,67600
1900,Decatur County,Kansas,58700.00003
1901,Elk County,Kansas,34200.00001
1902,Chase County,Kansas,59200
1903,Gove County,Kansas,70700
1904,Hamilton County,Kansas,93100.00004
1905,Graham County,Kansas,62000.00001
1906,Kiowa County,Kansas,88399.99999
1907,Renville County,North Dakota,129700
1908,Dickens County,Texas,53200.00001
1909,Clark County,Kansas,54400.00002
1910,Judith Basin County,Montana,168900
1911,Hodgeman County,Kansas,63899.99997
1912,Armstrong County,Texas,84899.99997
1913,Comanche County,Kansas,38400
1914,Daniels County,Montana,151300
1915,Lane County,Kansas,61499.99998
1916,Irion County,Texas,124200
1917,Prairie County,Montana,108500
